latitude,longitude,bright_ti4,scan,track,acq_date,acq_time,satellite,instrument,confidence,version,bright_ti5,daynight,brightness,frp,log_frp,delta_brightness,confidence_enc,land_use_type,distance_to_industrial,historical_frequency,time_of_day,season,month,category
8.30407,77.63763,313.44,0.46,0.39,2026-08-27,2019,N,VIIRS,n,2.0NRT,293.13,N,313.44,1.33,0.8458682675776092,20.31,1,unknown,2690.6084709749352,0,Evening,Monsoon,8,Anomaly/Unclassified
8.30766,77.63818,310.18,0.46,0.39,2026-08-27,2019,N,VIIRS,n,2.0NRT,293.28,N,310.18,1.33,0.8458682675776092,16.9,1,unknown,3005.589650823524,0,Evening,Monsoon,8,Anomaly/Unclassified
7.93105,81.38248,331.54,0.44,0.46,2026-08-27,741,N,VIIRS,n,2.0NRT,299.2,D,331.54,3.19,1.4327007339340463,32.34,1,unknown,50000.0,1,Morning,Monsoon,8,Anomaly/Unclassified
7.93113,81.2623,347.38,0.45,0.47,2026-08-27,741,N,VIIRS,n,2.0NRT,296.46,D,347.38,8.43,2.2438960966453663,50.92,1,unknown,50000.0,0,Morning,Monsoon,8,Wildfire Risk
7.93412,81.38229,340.78,0.44,0.46,2026-08-27,741,N,VIIRS,n,2.0NRT,299.88,D,340.78,4.3,1.667706820558076,40.9,1,unknown,50000.0,1,Morning,Monsoon,8,Agricultural Burning
7.93437,81.33264,334.16,0.44,0.46,2026-08-27,741,N,VIIRS,n,2.0NRT,299.4,D,334.16,3.31,1.4609379041156565,34.76,1,unknown,50000.0,0,Morning,Monsoon,8,Anomaly/Unclassified
7.92286,81.40872,341.88,0.39,0.36,2026-08-31,807,N,VIIRS,n,2.0NRT,308.16,D,341.88,4.75,1.749199854809259,33.72,1,unknown,50000.0,0,Morning,Monsoon,8,Anomaly/Unclassified
7.94071,81.30248,345.2,0.38,0.36,2026-08-31,807,N,VIIRS,n,2.0NRT,308.84,D,345.2,20.34,3.060583245873607,36.36,1,unknown,50000.0,2,Morning,Monsoon,8,Anomaly/Unclassified
7.94124,81.30596,352.39,0.39,0.36,2026-08-31,807,N,VIIRS,n,2.0NRT,313.67,D,352.39,20.34,3.060583245873607,38.72,1,unknown,50000.0,1,Morning,Monsoon,8,Wildfire Risk
7.94297,81.295,350.67,0.38,0.36,2026-08-31,807,N,VIIRS,n,2.0NRT,310.0,D,350.67,80.22,4.397161522258152,40.67,1,unknown,50000.0,2,Morning,Monsoon,8,Anomaly/Unclassified
7.94403,81.30197,352.31,0.38,0.36,2026-08-31,807,N,VIIRS,n,2.0NRT,313.41,D,352.31,20.34,3.060583245873607,38.9,1,unknown,50000.0,2,Morning,Monsoon,8,Anomaly/Unclassified
7.94456,81.30545,367.0,0.39,0.36,2026-08-31,807,N,VIIRS,h,2.0NRT,311.43,D,367.0,20.34,3.060583245873607,55.57,2,unknown,50000.0,1,Morning,Monsoon,8,Wildfire Risk
8.03437,80.19405,338.36,0.39,0.36,2026-08-31,807,N,VIIRS,n,2.0NRT,306.27,D,338.36,6.16,1.9685099809725544,32.09,1,unknown,50000.0,0,Morning,Monsoon,8,Anomaly/Unclassified
8.08878,80.19277,344.37,0.39,0.36,2026-08-31,807,N,VIIRS,n,2.0NRT,305.52,D,344.37,5.01,1.7934247485471162,38.85,1,unknown,50000.0,0,Morning,Monsoon,8,Anomaly/Unclassified
8.26829,80.17477,333.76,0.39,0.36,2026-08-31,807,N,VIIRS,l,2.0NRT,308.72,D,333.76,2.7,1.308332819650179,25.04,0,unknown,50000.0,0,Morning,Monsoon,8,Anomaly/Unclassified
8.28108,80.16919,341.22,0.39,0.36,2026-08-31,807,N,VIIRS,n,2.0NRT,309.37,D,341.22,3.83,1.5748464676644813,31.85,1,unknown,50000.0,0,Morning,Monsoon,8,Anomaly/Unclassified
8.29091,80.21081,346.43,0.39,0.36,2026-08-31,807,N,VIIRS,n,2.0NRT,308.56,D,346.43,5.81,1.918392120161421,37.87,1,unknown,50000.0,0,Morning,Monsoon,8,Anomaly/Unclassified
8.30053,80.16256,339.1,0.39,0.36,2026-08-31,807,N,VIIRS,n,2.0NRT,308.91,D,339.1,3.66,1.5390154481375546,30.19,1,unknown,50000.0,0,Morning,Monsoon,8,Anomaly/Unclassified
8.30774,80.12835,332.31,0.39,0.36,2026-08-31,807,N,VIIRS,l,2.0NRT,306.22,D,332.31,2.95,1.3737155789130306,26.09,0,unknown,50000.0,0,Morning,Monsoon,8,Anomaly/Unclassified
8.31053,80.29387,334.22,0.39,0.36,2026-08-31,807,N,VIIRS,l,2.0NRT,305.49,D,334.22,1.4,0.8754687373538999,28.73,0,unknown,50000.0,0,Morning,Monsoon,8,Anomaly/Unclassified
8.34692,80.20496,336.99,0.39,0.36,2026-08-31,807,N,VIIRS,l,2.0NRT,309.9,D,336.99,3.86,1.5810384379124023,27.09,0,unknown,50000.0,0,Morning,Monsoon,8,Anomaly/Unclassified
8.34746,80.20847,336.17,0.39,0.36,2026-08-31,807,N,VIIRS,l,2.0NRT,309.73,D,336.17,3.85,1.5789787049493917,26.44,0,unknown,50000.0,0,Morning,Monsoon,8,Anomaly/Unclassified
8.3721,80.43393,336.87,0.39,0.36,2026-08-31,807,N,VIIRS,n,2.0NRT,304.21,D,336.87,6.87,2.063058062429312,32.66,1,unknown,50000.0,0,Morning,Monsoon,8,Anomaly/Unclassified
8.37858,80.18925,336.53,0.39,0.36,2026-08-31,807,N,VIIRS,l,2.0NRT,308.88,D,336.53,4.28,1.6639260977181702,27.65,0,unknown,50000.0,0,Morning,Monsoon,8,Anomaly/Unclassified
8.38648,80.15206,334.03,0.39,0.36,2026-08-31,807,N,VIIRS,l,2.0NRT,304.84,D,334.03,4.9,1.7749523509116738,29.19,0,unknown,50000.0,0,Morning,Monsoon,8,Anomaly/Unclassified
8.38703,80.15557,346.01,0.39,0.36,2026-08-31,807,N,VIIRS,n,2.0NRT,310.23,D,346.01,4.9,1.7749523509116738,35.78,1,unknown,50000.0,0,Morning,Monsoon,8,Anomaly/Unclassified
8.47334,80.16677,342.12,0.39,0.36,2026-08-31,807,N,VIIRS,n,2.0NRT,309.88,D,342.12,7.33,2.1198634561787513,32.24,1,unknown,50000.0,0,Morning,Monsoon,8,Wildfire Risk
8.48646,80.36195,333.66,0.39,0.36,2026-08-31,807,N,VIIRS,l,2.0NRT,306.36,D,333.66,2.3,1.1939224684724346,27.3,0,unknown,50000.0,0,Morning,Monsoon,8,Anomaly/Unclassified
8.49849,80.39584,331.59,0.39,0.36,2026-08-31,807,N,VIIRS,l,2.0NRT,303.07,D,331.59,2.61,1.2837077723447896,28.52,0,unknown,50000.0,0,Morning,Monsoon,8,Agricultural Burning
7.95897,80.09814,338.14,0.39,0.36,2026-08-31,807,N,VIIRS,l,2.0NRT,304.5,D,338.14,3.06,1.4011829736136414,33.64,0,unknown,50000.0,0,Morning,Monsoon,8,Anomaly/Unclassified
7.99786,80.37258,332.12,0.39,0.36,2026-08-31,807,N,VIIRS,l,2.0NRT,305.98,D,332.12,6.58,2.0255131996542803,26.14,0,unknown,50000.0,0,Morning,Monsoon,8,Anomaly/Unclassified
7.9984,80.37608,349.28,0.39,0.36,2026-08-31,807,N,VIIRS,n,2.0NRT,308.42,D,349.28,6.58,2.0255131996542803,40.86,1,unknown,50000.0,0,Morning,Monsoon,8,Anomaly/Unclassified
8.14198,79.99303,337.81,0.39,0.36,2026-08-31,807,N,VIIRS,n,2.0NRT,303.02,D,337.81,3.1,1.410986973710262,34.79,1,unknown,50000.0,0,Morning,Monsoon,8,Anomaly/Unclassified
7.96847,80.62367,334.81,0.38,0.36,2026-08-31,807,N,VIIRS,n,2.0NRT,303.21,D,334.81,2.45,1.2383742310432684,31.6,1,unknown,50000.0,0,Morning,Monsoon,8,Anomaly/Unclassified
8.53706,77.95217,335.66,0.37,0.58,2026-08-27,744,N,VIIRS,n,2.0NRT,291.67,D,335.66,2.88,1.355835153635182,43.99,1,unknown,50000.0,0,Morning,Monsoon,8,Anomaly/Unclassified
8.53767,77.95551,330.37,0.37,0.58,2026-08-27,744,N,VIIRS,n,2.0NRT,291.3,D,330.37,2.88,1.355835153635182,39.07,1,unknown,50000.0,0,Morning,Monsoon,8,Anomaly/Unclassified
8.93558,77.80733,336.01,0.37,0.58,2026-08-27,744,N,VIIRS,n,2.0NRT,294.19,D,336.01,2.63,1.2892326482767593,41.82,1,unknown,50000.0,0,Morning,Monsoon,8,Anomaly/Unclassified
8.71467,77.97586,332.45,0.75,0.77,2026-08-28,724,N,VIIRS,n,2.0NRT,291.91,D,332.45,6.6,2.028148247292285,40.54,1,unknown,50000.0,0,Morning,Monsoon,8,Anomaly/Unclassified
8.57969,77.66151,339.99,0.48,0.48,2026-08-29,845,N,VIIRS,n,2.0NRT,295.44,D,339.99,3.72,1.551808799597464,44.55,1,unknown,50000.0,0,Morning,Monsoon,8,Anomaly/Unclassified
8.60485,77.9724,339.73,0.5,0.49,2026-08-29,845,N,VIIRS,n,2.0NRT,288.68,D,339.73,3.44,1.4906543764441333,51.05,1,unknown,50000.0,0,Morning,Monsoon,8,Anomaly/Unclassified
8.60874,77.96722,336.02,0.5,0.49,2026-08-29,845,N,VIIRS,n,2.0NRT,287.79,D,336.02,2.7,1.308332819650179,48.23,1,unknown,50000.0,0,Morning,Monsoon,8,Anomaly/Unclassified
8.64795,77.83846,336.15,0.49,0.49,2026-08-29,845,N,VIIRS,n,2.0NRT,293.65,D,336.15,2.82,1.3402504226184837,42.5,1,unknown,50000.0,1,Morning,Monsoon,8,Agricultural Burning
8.65245,77.83784,330.16,0.49,0.49,2026-08-29,845,N,VIIRS,n,2.0NRT,291.93,D,330.16,1.92,1.0715836162801904,38.23,1,unknown,50000.0,1,Morning,Monsoon,8,Agricultural Burning
8.60875,77.83811,330.12,0.41,0.37,2026-08-30,826,N,VIIRS,n,2.0NRT,284.72,D,330.12,2.3,1.1939224684724346,45.4,1,unknown,50000.0,0,Morning,Monsoon,8,Anomaly/Unclassified
8.88687,77.78855,336.67,0.41,0.37,2026-08-30,828,N,VIIRS,n,2.0NRT,297.2,D,336.67,3.0,1.3862943611198906,39.47,1,unknown,50000.0,0,Morning,Monsoon,8,Anomaly/Unclassified
8.91,77.59529,335.65,0.4,0.37,2026-08-30,828,N,VIIRS,n,2.0NRT,296.51,D,335.65,1.37,0.8628899551470398,39.14,1,unknown,50000.0,0,Morning,Monsoon,8,Anomaly/Unclassified
8.93239,77.96133,333.2,0.42,0.37,2026-08-30,828,N,VIIRS,n,2.0NRT,296.5,D,333.2,2.9,1.3609765531356006,36.7,1,unknown,50000.0,0,Morning,Monsoon,8,Anomaly/Unclassified
8.93294,77.9651,349.29,0.42,0.37,2026-08-30,828,N,VIIRS,n,2.0NRT,296.81,D,349.29,2.9,1.3609765531356006,52.48,1,unknown,50000.0,0,Morning,Monsoon,8,Anomaly/Unclassified
8.72874,78.1054,335.79,0.73,0.76,2026-08-28,724,N,VIIRS,n,2.0NRT,291.61,D,335.79,9.62,2.362739015813793,44.18,1,unknown,50000.0,1,Morning,Monsoon,8,Wildfire Risk
8.73258,78.10741,334.15,0.73,0.76,2026-08-28,724,N,VIIRS,n,2.0NRT,291.19,D,334.15,7.04,2.0844290831908747,42.96,1,unknown,50000.0,1,Morning,Monsoon,8,Wildfire Risk
8.74677,78.08665,332.55,0.51,0.49,2026-08-29,845,N,VIIRS,n,2.0NRT,287.41,D,332.55,2.69,1.3056264580524357,45.14,1,unknown,50000.0,0,Morning,Monsoon,8,Anomaly/Unclassified
8.78732,78.01003,339.42,0.42,0.37,2026-08-30,828,N,VIIRS,n,2.0NRT,301.37,D,339.42,4.32,1.6714733033535532,38.05,1,unknown,50000.0,0,Morning,Monsoon,8,Anomaly/Unclassified
8.80542,78.10815,335.36,0.42,0.38,2026-08-30,828,N,VIIRS,n,2.0NRT,296.09,D,335.36,2.62,1.2864740258376797,39.27,1,unknown,50000.0,0,Morning,Monsoon,8,Anomaly/Unclassified
8.90006,80.48241,343.34,0.49,0.48,2026-08-27,744,N,VIIRS,n,2.0NRT,287.95,D,343.34,5.58,1.884034745337226,55.39,1,unknown,50000.0,0,Morning,Monsoon,8,Anomaly/Unclassified
8.57365,80.37617,329.17,0.52,0.67,2026-08-28,724,N,VIIRS,n,2.0NRT,282.05,D,329.17,3.95,1.599387576580599,47.12,1,unknown,50000.0,0,Morning,Monsoon,8,Anomaly/Unclassified
8.5192,80.46411,331.95,0.38,0.36,2026-08-31,807,N,VIIRS,n,2.0NRT,300.33,D,331.95,2.27,1.184789984909162,31.62,1,unknown,50000.0,0,Morning,Monsoon,8,Anomaly/Unclassified
8.5921,80.41267,348.81,0.39,0.36,2026-08-31,807,N,VIIRS,n,2.0NRT,308.67,D,348.81,9.48,2.349468678892896,40.14,1,unknown,50000.0,0,Morning,Monsoon,8,Wildfire Risk
8.66698,80.36886,337.97,0.39,0.36,2026-08-31,807,N,VIIRS,n,2.0NRT,307.33,D,337.97,3.35,1.4701758451005926,30.64,1,unknown,50000.0,0,Morning,Monsoon,8,Anomaly/Unclassified
8.74873,80.32748,338.49,0.39,0.36,2026-08-31,807,N,VIIRS,n,2.0NRT,305.13,D,338.49,3.57,1.5195132049061133,33.36,1,unknown,50000.0,0,Morning,Monsoon,8,Anomaly/Unclassified
8.80894,80.39244,341.51,0.38,0.36,2026-08-31,807,N,VIIRS,n,2.0NRT,306.81,D,341.51,3.36,1.4724720573609429,34.7,1,unknown,50000.0,0,Morning,Monsoon,8,Anomaly/Unclassified
8.90582,80.40517,338.33,0.38,0.36,2026-08-31,807,N,VIIRS,n,2.0NRT,305.91,D,338.33,4.3,1.667706820558076,32.42,1,unknown,50000.0,0,Morning,Monsoon,8,Anomaly/Unclassified
8.91568,80.42508,341.63,0.38,0.36,2026-08-31,807,N,VIIRS,l,2.0NRT,314.07,D,341.63,28.96,3.3998631586490187,27.56,0,unknown,50000.0,0,Morning,Monsoon,8,Wildfire Risk
8.9767,80.37984,336.51,0.38,0.36,2026-08-31,807,N,VIIRS,l,2.0NRT,308.02,D,336.51,6.26,1.9823798288367047,28.49,0,unknown,50000.0,1,Morning,Monsoon,8,Industrial (Normal)
8.97723,80.38334,337.39,0.38,0.36,2026-08-31,807,N,VIIRS,l,2.0NRT,307.43,D,337.39,6.26,1.9823798288367047,29.96,0,unknown,50000.0,1,Morning,Monsoon,8,Agricultural Burning
8.07976,81.34676,341.29,0.44,0.46,2026-08-27,741,N,VIIRS,n,2.0NRT,297.32,D,341.29,3.62,1.5303947050936475,43.97,1,unknown,50000.0,0,Morning,Monsoon,8,Anomaly/Unclassified
8.16389,81.33283,331.58,0.44,0.46,2026-08-27,741,N,VIIRS,n,2.0NRT,297.15,D,331.58,2.9,1.3609765531356006,34.43,1,unknown,50000.0,0,Morning,Monsoon,8,Anomaly/Unclassified
8.18319,81.21323,333.47,0.45,0.47,2026-08-27,741,N,VIIRS,n,2.0NRT,297.42,D,333.47,4.85,1.766441661243765,36.05,1,unknown,50000.0,0,Morning,Monsoon,8,Anomaly/Unclassified
8.18388,81.21734,335.58,0.45,0.47,2026-08-27,741,N,VIIRS,n,2.0NRT,295.36,D,335.58,3.52,1.5085119938441398,40.22,1,unknown,50000.0,0,Morning,Monsoon,8,Anomaly/Unclassified
8.18817,81.2166,332.07,0.45,0.47,2026-08-27,741,N,VIIRS,n,2.0NRT,296.28,D,332.07,2.87,1.3532545070416904,35.79,1,unknown,50000.0,0,Morning,Monsoon,8,Wildfire Risk
8.39403,81.18223,333.39,0.45,0.47,2026-08-27,741,N,VIIRS,n,2.0NRT,292.71,D,333.39,2.83,1.3428648031925547,40.68,1,unknown,50000.0,0,Morning,Monsoon,8,Anomaly/Unclassified
8.01197,81.41592,340.12,0.39,0.36,2026-08-31,807,N,VIIRS,l,2.0NRT,310.95,D,340.12,4.35,1.6770965609079151,29.17,0,unknown,50000.0,0,Morning,Monsoon,8,Anomaly/Unclassified
8.36229,81.05286,337.65,0.38,0.36,2026-08-31,807,N,VIIRS,l,2.0NRT,310.94,D,337.65,6.7,2.0412203288596382,26.71,0,unknown,50000.0,0,Morning,Monsoon,8,Anomaly/Unclassified
8.3754,81.1614,336.39,0.38,0.36,2026-08-31,807,N,VIIRS,l,2.0NRT,307.17,D,336.39,3.98,1.6054298910365616,29.22,0,unknown,50000.0,0,Morning,Monsoon,8,Anomaly/Unclassified
8.4223,81.09,340.12,0.38,0.36,2026-08-31,807,N,VIIRS,l,2.0NRT,310.14,D,340.12,3.98,1.6054298910365616,29.98,0,unknown,50000.0,0,Morning,Monsoon,8,Anomaly/Unclassified
8.92234,80.68958,340.84,0.47,0.48,2026-08-27,744,N,VIIRS,n,2.0NRT,287.91,D,340.84,5.85,1.9242486522741338,52.93,1,unknown,50000.0,0,Morning,Monsoon,8,Anomaly/Unclassified
8.99971,80.67416,308.64,0.38,0.36,2026-08-27,2017,N,VIIRS,n,2.0NRT,291.14,N,308.64,1.16,0.7701082216960736,17.5,1,unknown,50000.0,0,Evening,Monsoon,8,Anomaly/Unclassified
8.72573,80.74754,337.93,0.49,0.65,2026-08-28,724,N,VIIRS,n,2.0NRT,291.49,D,337.93,7.24,2.1090003439213802,46.44,1,unknown,50000.0,0,Morning,Monsoon,8,Wildfire Risk
8.97291,80.68935,336.86,0.49,0.65,2026-08-28,724,N,VIIRS,n,2.0NRT,287.05,D,336.86,7.29,2.1150499691472033,49.81,1,unknown,50000.0,1,Morning,Monsoon,8,Wildfire Risk
8.51151,80.56882,332.96,0.38,0.36,2026-08-31,807,N,VIIRS,n,2.0NRT,300.44,D,332.96,4.3,1.667706820558076,32.52,1,unknown,50000.0,0,Morning,Monsoon,8,Anomaly/Unclassified
8.51499,80.74651,334.79,0.38,0.36,2026-08-31,807,N,VIIRS,l,2.0NRT,309.49,D,334.79,9.52,2.3532782073095637,25.3,0,unknown,50000.0,0,Morning,Monsoon,8,Wildfire Risk
8.55709,80.62238,336.88,0.38,0.36,2026-08-31,807,N,VIIRS,l,2.0NRT,306.97,D,336.88,5.71,1.9035989509835904,29.91,0,unknown,50000.0,0,Morning,Monsoon,8,Anomaly/Unclassified
8.55763,80.62587,339.42,0.38,0.36,2026-08-31,807,N,VIIRS,n,2.0NRT,308.82,D,339.42,7.3,2.1162555148025524,30.6,1,unknown,50000.0,0,Morning,Monsoon,8,Wildfire Risk
8.56241,80.85677,347.43,0.38,0.36,2026-08-31,807,N,VIIRS,n,2.0NRT,309.81,D,347.43,6.27,1.9837562915454279,37.62,1,unknown,50000.0,0,Morning,Monsoon,8,Anomaly/Unclassified
8.57523,80.74078,334.55,0.38,0.36,2026-08-31,807,N,VIIRS,n,2.0NRT,302.39,D,334.55,0.92,0.6523251860396903,32.16,1,unknown,50000.0,0,Morning,Monsoon,8,Anomaly/Unclassified
8.59252,80.60977,336.11,0.38,0.36,2026-08-31,807,N,VIIRS,n,2.0NRT,302.77,D,336.11,3.19,1.4327007339340463,33.34,1,unknown,50000.0,0,Morning,Monsoon,8,Anomaly/Unclassified
8.59517,80.82677,344.09,0.38,0.36,2026-08-31,807,N,VIIRS,n,2.0NRT,307.19,D,344.09,24.38,3.2339614622862416,36.9,1,unknown,50000.0,0,Morning,Monsoon,8,Wildfire Risk
8.61153,80.51681,338.01,0.38,0.36,2026-08-31,807,N,VIIRS,l,2.0NRT,310.3,D,338.01,5.45,1.864080130807681,27.71,0,unknown,50000.0,0,Morning,Monsoon,8,Anomaly/Unclassified
8.6128,80.70208,334.35,0.38,0.36,2026-08-31,807,N,VIIRS,l,2.0NRT,307.32,D,334.35,4.65,1.7316555451583497,27.03,0,unknown,50000.0,0,Morning,Monsoon,8,Anomaly/Unclassified
8.6213,80.7978,348.51,0.38,0.36,2026-08-31,807,N,VIIRS,n,2.0NRT,306.04,D,348.51,6.63,2.0320878452963655,42.47,1,unknown,50000.0,0,Morning,Monsoon,8,Anomaly/Unclassified
8.62135,80.97601,335.68,0.38,0.36,2026-08-31,807,N,VIIRS,n,2.0NRT,304.01,D,335.68,1.17,0.7747271675523681,31.67,1,unknown,50000.0,0,Morning,Monsoon,8,Anomaly/Unclassified
8.62952,80.56754,333.65,0.38,0.36,2026-08-31,807,N,VIIRS,n,2.0NRT,303.3,D,333.65,3.18,1.430311246536665,30.35,1,unknown,50000.0,1,Morning,Monsoon,8,Agricultural Burning
8.63006,80.57103,332.78,0.38,0.36,2026-08-31,807,N,VIIRS,n,2.0NRT,301.35,D,332.78,2.36,1.2119409739751128,31.43,1,unknown,50000.0,1,Morning,Monsoon,8,Agricultural Burning
8.63045,80.70648,339.82,0.38,0.36,2026-08-31,807,N,VIIRS,l,2.0NRT,310.42,D,339.82,4.17,1.6428726885203377,29.4,0,unknown,50000.0,0,Morning,Monsoon,8,Anomaly/Unclassified
8.63466,80.53464,338.93,0.38,0.36,2026-08-31,807,N,VIIRS,n,2.0NRT,306.44,D,338.93,3.24,1.4445632692438664,32.49,1,unknown,50000.0,0,Morning,Monsoon,8,Anomaly/Unclassified
8.6401,80.65864,339.77,0.38,0.36,2026-08-31,807,N,VIIRS,n,2.0NRT,303.83,D,339.77,15.49,2.8027541365715076,35.94,1,unknown,50000.0,0,Morning,Monsoon,8,Wildfire Risk
8.65994,80.76608,334.64,0.38,0.36,2026-08-31,807,N,VIIRS,l,2.0NRT,305.82,D,334.64,2.09,1.128171090909654,28.82,0,unknown,50000.0,0,Morning,Monsoon,8,Anomaly/Unclassified
8.67386,80.74609,338.19,0.38,0.36,2026-08-31,807,N,VIIRS,n,2.0NRT,307.61,D,338.19,6.91,2.0681277817795625,30.58,1,unknown,50000.0,0,Morning,Monsoon,8,Anomaly/Unclassified
8.6821,80.75552,349.96,0.38,0.36,2026-08-31,807,N,VIIRS,n,2.0NRT,308.89,D,349.96,5.09,1.8066480817218056,41.07,1,unknown,50000.0,0,Morning,Monsoon,8,Anomaly/Unclassified
8.78987,80.99559,343.59,0.38,0.36,2026-08-31,807,N,VIIRS,n,2.0NRT,307.86,D,343.59,12.29,2.587011872725154,35.73,1,unknown,50000.0,0,Morning,Monsoon,8,Wildfire Risk
8.85911,80.74155,349.7,0.38,0.36,2026-08-31,807,N,VIIRS,n,2.0NRT,311.49,D,349.7,16.02,2.834389123145228,38.21,1,unknown,50000.0,0,Morning,Monsoon,8,Wildfire Risk
8.97013,80.69147,345.28,0.38,0.36,2026-08-31,807,N,VIIRS,n,2.0NRT,311.26,D,345.28,6.62,2.030776369698555,34.02,1,unknown,50000.0,1,Morning,Monsoon,8,Agricultural Burning
8.49397,80.63341,341.23,0.48,0.48,2026-08-27,741,N,VIIRS,n,2.0NRT,292.78,D,341.23,4.77,1.7526720805200082,48.45,1,unknown,50000.0,0,Morning,Monsoon,8,Anomaly/Unclassified
8.40721,80.75729,303.08,0.38,0.36,2026-08-27,2019,N,VIIRS,n,2.0NRT,285.68,N,303.08,0.38,0.3220834991691133,17.4,1,unknown,50000.0,1,Evening,Monsoon,8,Agricultural Burning
8.41052,80.75783,302.76,0.38,0.36,2026-08-27,2019,N,VIIRS,n,2.0NRT,286.31,N,302.76,0.38,0.3220834991691133,16.45,1,unknown,50000.0,1,Evening,Monsoon,8,Agricultural Burning
8.11868,80.81451,303.83,0.55,0.43,2026-08-28,2000,N,VIIRS,n,2.0NRT,290.23,N,303.83,2.69,1.3056264580524357,13.6,1,unknown,50000.0,4,Evening,Monsoon,8,Industrial (Normal)
8.11915,80.81272,304.91,0.55,0.43,2026-08-28,2000,N,VIIRS,n,2.0NRT,290.01,N,304.91,1.65,0.9745596399981308,14.9,1,unknown,50000.0,4,Evening,Monsoon,8,Industrial (Normal)
8.1194,80.80952,307.31,0.55,0.43,2026-08-28,2000,N,VIIRS,n,2.0NRT,289.69,N,307.31,1.75,1.0116009116784799,17.62,1,unknown,50000.0,4,Evening,Monsoon,8,Industrial (Normal)
8.1199,80.80773,309.11,0.55,0.43,2026-08-28,2000,N,VIIRS,n,2.0NRT,290.57,N,309.11,1.65,0.9745596399981308,18.54,1,unknown,50000.0,4,Evening,Monsoon,8,Industrial (Normal)
8.12011,80.80454,304.51,0.55,0.43,2026-08-28,2000,N,VIIRS,n,2.0NRT,291.61,N,304.51,1.75,1.0116009116784799,12.9,1,unknown,50000.0,1,Evening,Monsoon,8,Agricultural Burning
8.12065,80.80275,305.22,0.55,0.43,2026-08-28,2000,N,VIIRS,n,2.0NRT,292.45,N,305.22,2.23,1.172482137234565,12.77,1,unknown,50000.0,1,Evening,Monsoon,8,Agricultural Burning
8.12404,80.80512,309.4,0.55,0.43,2026-08-28,2000,N,VIIRS,n,2.0NRT,292.18,N,309.4,1.75,1.0116009116784799,17.22,1,unknown,50000.0,4,Evening,Monsoon,8,Industrial (Normal)
8.2525,80.51107,330.03,0.39,0.36,2026-08-31,807,N,VIIRS,l,2.0NRT,304.77,D,330.03,2.72,1.3137236682850553,25.26,0,unknown,50000.0,0,Morning,Monsoon,8,Anomaly/Unclassified
8.35775,80.80066,337.97,0.38,0.36,2026-08-31,807,N,VIIRS,l,2.0NRT,310.22,D,337.97,8.27,2.2267833795777636,27.75,0,unknown,50000.0,0,Morning,Monsoon,8,Wildfire Risk
8.42869,80.62504,341.14,0.38,0.36,2026-08-31,807,N,VIIRS,n,2.0NRT,308.86,D,341.14,5.61,1.888583653863595,32.28,1,unknown,50000.0,0,Morning,Monsoon,8,Anomaly/Unclassified
8.4316,80.79919,341.2,0.38,0.36,2026-08-31,807,N,VIIRS,n,2.0NRT,309.0,D,341.2,6.05,1.9530276168241774,32.2,1,unknown,50000.0,0,Morning,Monsoon,8,Anomaly/Unclassified
8.43458,80.5528,331.43,0.38,0.36,2026-08-31,807,N,VIIRS,l,2.0NRT,304.61,D,331.43,2.47,1.244154593958768,26.82,0,unknown,50000.0,0,Morning,Monsoon,8,Wildfire Risk
8.44716,80.87873,338.83,0.38,0.36,2026-08-31,807,N,VIIRS,n,2.0NRT,306.9,D,338.83,7.37,2.124653884501384,31.93,1,unknown,50000.0,0,Morning,Monsoon,8,Wildfire Risk
8.4479,80.75037,335.29,0.38,0.36,2026-08-31,807,N,VIIRS,l,2.0NRT,308.52,D,335.29,3.6,1.5260563034950492,26.77,0,unknown,50000.0,0,Morning,Monsoon,8,Anomaly/Unclassified
8.46928,80.77913,346.94,0.38,0.36,2026-08-31,807,N,VIIRS,n,2.0NRT,307.83,D,346.94,7.93,2.189416394888408,39.11,1,unknown,50000.0,0,Morning,Monsoon,8,Wildfire Risk
8.47485,80.77115,331.63,0.38,0.36,2026-08-31,807,N,VIIRS,l,2.0NRT,303.02,D,331.63,1.53,0.9282193027394289,28.61,0,unknown,50000.0,0,Morning,Monsoon,8,Anomaly/Unclassified
8.47952,80.82387,331.96,0.38,0.36,2026-08-31,807,N,VIIRS,l,2.0NRT,303.15,D,331.96,4.13,1.6351056591826783,28.81,0,unknown,50000.0,0,Morning,Monsoon,8,Anomaly/Unclassified
8.49225,80.81834,353.12,0.38,0.36,2026-08-31,807,N,VIIRS,n,2.0NRT,310.05,D,353.12,11.16,2.498151876538021,43.07,1,unknown,50000.0,0,Morning,Monsoon,8,Wildfire Risk
8.49889,80.81732,341.45,0.38,0.36,2026-08-31,807,N,VIIRS,n,2.0NRT,307.32,D,341.45,4.41,1.6882490928583902,34.13,1,unknown,50000.0,0,Morning,Monsoon,8,Anomaly/Unclassified
9.277,78.39668,334.35,0.69,0.74,2026-08-28,724,N,VIIRS,n,2.0NRT,290.53,D,334.35,6.4,2.0014800002101243,43.82,1,unknown,50000.0,1,Morning,Monsoon,8,Agricultural Burning
9.27714,78.39496,335.92,0.69,0.74,2026-08-28,724,N,VIIRS,n,2.0NRT,290.19,D,335.92,4.62,1.7263316639055997,45.73,1,unknown,50000.0,0,Morning,Monsoon,8,Anomaly/Unclassified
9.27846,78.39858,336.74,0.57,0.69,2026-08-28,905,N,VIIRS,n,2.0NRT,293.77,D,336.74,6.18,1.9712993830601329,42.97,1,unknown,50000.0,1,Morning,Monsoon,8,Agricultural Burning
9.15121,78.32916,331.35,0.43,0.38,2026-08-30,828,N,VIIRS,n,2.0NRT,293.35,D,331.35,1.56,0.9400072584914712,38.0,1,unknown,50000.0,0,Morning,Monsoon,8,Anomaly/Unclassified
9.17741,78.13036,346.2,0.43,0.38,2026-08-31,807,N,VIIRS,n,2.0NRT,304.75,D,346.2,6.86,2.061786606441115,41.45,1,unknown,50000.0,0,Morning,Monsoon,8,Anomaly/Unclassified
9.13009,77.84245,341.07,0.36,0.58,2026-08-27,744,N,VIIRS,n,2.0NRT,296.5,D,341.07,4.92,1.7783364488959144,44.57,1,unknown,50000.0,1,Morning,Monsoon,8,Agricultural Burning
9.1307,77.84574,335.59,0.36,0.58,2026-08-27,744,N,VIIRS,n,2.0NRT,296.02,D,335.59,4.28,1.6639260977181702,39.57,1,unknown,50000.0,0,Morning,Monsoon,8,Anomaly/Unclassified
9.13252,77.84334,338.51,0.36,0.58,2026-08-27,744,N,VIIRS,n,2.0NRT,296.56,D,338.51,3.68,1.5432981099295553,41.95,1,unknown,50000.0,1,Morning,Monsoon,8,Agricultural Burning
9.49335,77.62408,304.15,0.47,0.4,2026-08-27,2017,N,VIIRS,n,2.0NRT,283.83,N,304.15,0.45,0.37156355643248307,20.32,1,unknown,50000.0,1,Evening,Monsoon,8,Agricultural Burning
9.49338,77.62221,302.0,0.47,0.4,2026-08-27,2017,N,VIIRS,n,2.0NRT,281.79,N,302.0,0.44,0.3646431135879093,20.21,1,unknown,50000.0,1,Evening,Monsoon,8,Agricultural Burning
9.33079,77.52433,334.37,0.5,0.66,2026-08-28,905,N,VIIRS,n,2.0NRT,297.58,D,334.37,4.97,1.7867469274045107,36.79,1,unknown,50000.0,0,Morning,Monsoon,8,Anomaly/Unclassified
9.33131,77.52667,334.29,0.5,0.66,2026-08-28,905,N,VIIRS,n,2.0NRT,297.26,D,334.29,1.72,1.000631880307906,37.03,1,unknown,50000.0,0,Morning,Monsoon,8,Anomaly/Unclassified
9.4159,77.509,332.41,0.5,0.66,2026-08-28,905,N,VIIRS,n,2.0NRT,296.85,D,332.41,1.46,0.9001613499442714,35.56,1,unknown,50000.0,1,Morning,Monsoon,8,Wildfire Risk
9.41621,77.50993,334.29,0.5,0.66,2026-08-28,905,N,VIIRS,n,2.0NRT,297.25,D,334.29,2.78,1.3297240096314962,37.04,1,unknown,50000.0,1,Morning,Monsoon,8,Agricultural Burning
9.11369,77.77237,334.29,0.41,0.37,2026-08-30,828,N,VIIRS,n,2.0NRT,298.66,D,334.29,1.37,0.8628899551470398,35.63,1,unknown,50000.0,0,Morning,Monsoon,8,Anomaly/Unclassified
9.44417,77.66956,357.05,0.41,0.37,2026-08-30,828,N,VIIRS,n,2.0NRT,290.55,D,357.05,5.42,1.8594181177018698,66.5,1,unknown,50000.0,1,Morning,Monsoon,8,Agricultural Burning
9.44472,77.67329,339.12,0.41,0.37,2026-08-30,828,N,VIIRS,n,2.0NRT,287.31,D,339.12,5.42,1.8594181177018698,51.81,1,unknown,50000.0,1,Morning,Monsoon,8,Agricultural Burning
9.49209,77.66238,342.98,0.41,0.37,2026-08-30,828,N,VIIRS,n,2.0NRT,299.79,D,342.98,7.59,2.150598735996164,43.19,1,unknown,50000.0,0,Morning,Monsoon,8,Wildfire Risk
9.02789,77.86799,345.65,0.45,0.39,2026-08-31,807,N,VIIRS,n,2.0NRT,311.04,D,345.65,11.75,2.545531271604435,34.61,1,unknown,50000.0,0,Morning,Monsoon,8,Wildfire Risk
9.22821,77.66577,339.43,0.45,0.39,2026-08-31,807,N,VIIRS,l,2.0NRT,303.45,D,339.43,16.19,2.844327819394758,35.98,0,unknown,50000.0,0,Morning,Monsoon,8,Wildfire Risk
9.20093,77.46384,331.96,0.38,0.59,2026-08-27,744,N,VIIRS,n,2.0NRT,295.68,D,331.96,1.61,0.959350221334602,36.28,1,unknown,50000.0,0,Morning,Monsoon,8,Anomaly/Unclassified
9.32007,77.4914,333.17,0.4,0.37,2026-08-30,828,N,VIIRS,n,2.0NRT,290.35,D,333.17,2.53,1.2612978709452054,42.82,1,unknown,50000.0,0,Morning,Monsoon,8,Anomaly/Unclassified
9.30457,78.81348,334.81,0.62,0.54,2026-08-27,744,N,VIIRS,n,2.0NRT,296.26,D,334.81,0.98,0.6830968447064438,38.55,1,unknown,50000.0,0,Morning,Monsoon,8,Anomaly/Unclassified
9.30486,78.81577,336.81,0.62,0.54,2026-08-27,744,N,VIIRS,n,2.0NRT,296.38,D,336.81,6.54,2.020222182019865,40.43,1,unknown,50000.0,0,Morning,Monsoon,8,Industrial (Normal)
9.47052,78.63935,342.36,0.41,0.37,2026-08-31,807,N,VIIRS,l,2.0NRT,300.43,D,342.36,5.55,1.8794650496471605,41.93,0,unknown,50000.0,0,Morning,Monsoon,8,Wildfire Risk
8.66278,81.14859,330.04,0.46,0.64,2026-08-28,724,N,VIIRS,n,2.0NRT,287.35,D,330.04,2.39,1.220829921392359,42.69,1,unknown,50000.0,0,Morning,Monsoon,8,Anomaly/Unclassified
8.86712,81.02701,309.61,0.78,0.78,2026-08-30,1921,N,VIIRS,n,2.0NRT,287.51,N,309.61,1.75,1.0116009116784799,22.1,1,unknown,50000.0,0,Evening,Monsoon,8,Anomaly/Unclassified
8.86843,81.02491,316.5,0.78,0.78,2026-08-30,1921,N,VIIRS,n,2.0NRT,287.9,N,316.5,2.71,1.3110318766193438,28.6,1,unknown,50000.0,0,Evening,Monsoon,8,Anomaly/Unclassified
8.61921,81.14049,350.21,0.38,0.36,2026-08-31,807,N,VIIRS,n,2.0NRT,312.03,D,350.21,9.6,2.3608540011180215,38.18,1,unknown,50000.0,0,Morning,Monsoon,8,Wildfire Risk
8.68129,81.15162,341.5,0.39,0.36,2026-08-31,807,N,VIIRS,n,2.0NRT,311.49,D,341.5,6.41,2.0028304393079956,30.01,1,unknown,50000.0,0,Morning,Monsoon,8,Anomaly/Unclassified
9.4147,80.41617,330.97,0.48,0.48,2026-08-27,744,N,VIIRS,n,2.0NRT,295.31,D,330.97,2.19,1.1600209167967532,35.66,1,unknown,50000.0,0,Morning,Monsoon,8,Anomaly/Unclassified
9.42552,80.37328,340.3,0.49,0.48,2026-08-27,744,N,VIIRS,n,2.0NRT,295.98,D,340.3,7.33,2.1198634561787513,44.32,1,unknown,50000.0,0,Morning,Monsoon,8,Anomaly/Unclassified
9.45494,80.49021,344.21,0.48,0.48,2026-08-27,744,N,VIIRS,n,2.0NRT,295.5,D,344.21,5.54,1.8779371654691073,48.71,1,unknown,50000.0,0,Morning,Monsoon,8,Anomaly/Unclassified
9.38294,80.44886,345.5,0.38,0.58,2026-08-29,845,N,VIIRS,n,2.0NRT,283.23,D,345.5,5.38,1.8531680973566984,62.27,1,unknown,50000.0,1,Morning,Monsoon,8,Agricultural Burning
9.38339,80.4523,329.01,0.38,0.58,2026-08-29,845,N,VIIRS,n,2.0NRT,282.56,D,329.01,4.82,1.7613002617433464,46.45,1,unknown,50000.0,1,Morning,Monsoon,8,Agricultural Burning
9.41203,80.44762,328.29,0.38,0.59,2026-08-29,845,N,VIIRS,n,2.0NRT,287.77,D,328.29,3.19,1.4327007339340463,40.52,1,unknown,50000.0,0,Morning,Monsoon,8,Anomaly/Unclassified
9.41747,80.44695,343.39,0.38,0.59,2026-08-29,845,N,VIIRS,n,2.0NRT,286.81,D,343.39,3.19,1.4327007339340463,56.58,1,unknown,50000.0,0,Morning,Monsoon,8,Agricultural Burning
9.40266,80.43048,328.22,0.55,0.43,2026-08-30,828,N,VIIRS,n,2.0NRT,295.28,D,328.22,4.05,1.6193882432872684,32.94,1,unknown,50000.0,0,Morning,Monsoon,8,Anomaly/Unclassified
9.42778,80.38101,331.15,0.55,0.42,2026-08-30,828,N,VIIRS,n,2.0NRT,292.84,D,331.15,1.83,1.0402767116551463,38.31,1,unknown,50000.0,0,Morning,Monsoon,8,Anomaly/Unclassified
9.04133,80.45132,367.0,0.38,0.36,2026-08-31,807,N,VIIRS,h,2.0NRT,312.33,D,367.0,19.68,3.0291670496402285,54.67,2,unknown,50000.0,0,Morning,Monsoon,8,Wildfire Risk
9.17411,80.12911,332.22,0.39,0.36,2026-08-31,807,N,VIIRS,l,2.0NRT,306.33,D,332.22,2.97,1.3787660946990992,25.89,0,unknown,50000.0,0,Morning,Monsoon,8,Anomaly/Unclassified
9.18498,80.30385,347.17,0.39,0.36,2026-08-31,807,N,VIIRS,n,2.0NRT,313.38,D,347.17,6.16,1.9685099809725544,33.79,1,unknown,50000.0,0,Morning,Monsoon,8,Anomaly/Unclassified
9.39429,80.28052,338.13,0.38,0.36,2026-08-31,807,N,VIIRS,n,2.0NRT,306.48,D,338.13,3.06,1.4011829736136414,31.65,1,unknown,50000.0,0,Morning,Monsoon,8,Anomaly/Unclassified
9.41306,80.4028,353.54,0.38,0.36,2026-08-31,807,N,VIIRS,n,2.0NRT,307.32,D,353.54,5.73,1.9065751436566365,46.22,1,unknown,50000.0,0,Morning,Monsoon,8,Anomaly/Unclassified
9.41691,80.40578,332.41,0.38,0.36,2026-08-31,807,N,VIIRS,l,2.0NRT,303.93,D,332.41,5.73,1.9065751436566365,28.48,0,unknown,50000.0,0,Morning,Monsoon,8,Anomaly/Unclassified
9.13851,80.74121,330.75,0.46,0.47,2026-08-27,744,N,VIIRS,n,2.0NRT,296.36,D,330.75,5.95,1.9387416595767009,34.39,1,unknown,50000.0,0,Morning,Monsoon,8,Anomaly/Unclassified
9.38627,80.50593,341.96,0.48,0.48,2026-08-27,744,N,VIIRS,n,2.0NRT,296.78,D,341.96,3.62,1.5303947050936475,45.18,1,unknown,50000.0,0,Morning,Monsoon,8,Anomaly/Unclassified
9.11122,80.50833,339.2,0.38,0.36,2026-08-31,807,N,VIIRS,l,2.0NRT,310.26,D,339.2,5.42,1.8594181177018698,28.94,0,unknown,50000.0,0,Morning,Monsoon,8,Anomaly/Unclassified
9.19589,80.66298,337.37,0.38,0.36,2026-08-31,807,N,VIIRS,l,2.0NRT,309.9,D,337.37,1.84,1.0438040521731147,27.47,0,unknown,50000.0,0,Morning,Monsoon,8,Anomaly/Unclassified
9.26766,80.71529,340.77,0.38,0.36,2026-08-31,807,N,VIIRS,n,2.0NRT,307.73,D,340.77,6.53,2.018895041811802,33.04,1,unknown,50000.0,0,Morning,Monsoon,8,Anomaly/Unclassified
9.28584,80.72318,340.11,0.38,0.36,2026-08-31,807,N,VIIRS,n,2.0NRT,306.2,D,340.11,3.86,1.5810384379124023,33.91,1,unknown,50000.0,0,Morning,Monsoon,8,Anomaly/Unclassified
9.90981,78.52617,339.05,0.41,0.37,2026-08-31,807,N,VIIRS,l,2.0NRT,304.96,D,339.05,4.17,1.6428726885203377,34.09,0,unknown,50000.0,0,Morning,Monsoon,8,Anomaly/Unclassified
9.91843,77.93557,335.55,0.35,0.56,2026-08-27,744,N,VIIRS,n,2.0NRT,294.03,D,335.55,2.57,1.2725655957915476,41.52,1,unknown,50000.0,0,Morning,Monsoon,8,Anomaly/Unclassified
9.50563,77.60714,335.3,0.49,0.48,2026-08-29,845,N,VIIRS,n,2.0NRT,295.79,D,335.3,4.45,1.6956156086751528,39.51,1,unknown,50000.0,0,Morning,Monsoon,8,Anomaly/Unclassified
9.75551,77.517,308.74,0.66,0.73,2026-08-29,1940,N,VIIRS,n,2.0NRT,282.3,N,308.74,1.86,1.0508216248317612,26.44,1,unknown,50000.0,2,Evening,Monsoon,8,Agricultural Burning
9.75605,77.51919,313.12,0.66,0.73,2026-08-29,1940,N,VIIRS,n,2.0NRT,282.92,N,313.12,1.18,0.7793248768009976,30.2,1,unknown,50000.0,2,Evening,Monsoon,8,Agricultural Burning
9.75523,77.51794,313.52,0.6,0.7,2026-08-29,2123,N,VIIRS,n,2.0NRT,288.15,N,313.52,2.38,1.2178757094949273,25.37,1,unknown,50000.0,2,Evening,Monsoon,8,Agricultural Burning
9.8061,77.88528,340.12,0.44,0.38,2026-08-31,807,N,VIIRS,l,2.0NRT,312.07,D,340.12,7.57,2.1482677326096886,28.05,0,unknown,50000.0,1,Morning,Monsoon,8,Anomaly/Unclassified
9.80675,77.88925,344.35,0.44,0.38,2026-08-31,807,N,VIIRS,l,2.0NRT,314.76,D,344.35,7.57,2.1482677326096886,29.59,0,unknown,50000.0,1,Morning,Monsoon,8,Wildfire Risk
9.82619,77.39869,331.44,0.4,0.37,2026-08-30,828,N,VIIRS,l,2.0NRT,303.27,D,331.44,1.05,0.7178397931503169,28.17,0,unknown,50000.0,0,Morning,Monsoon,8,Anomaly/Unclassified
9.67002,77.45597,297.92,0.57,0.52,2026-08-30,2101,N,VIIRS,n,2.0NRT,278.12,N,297.92,0.77,0.5709795465857378,19.8,1,unknown,50000.0,0,Evening,Monsoon,8,Anomaly/Unclassified
9.98556,77.43252,336.54,0.46,0.39,2026-08-31,807,N,VIIRS,l,2.0NRT,304.75,D,336.54,5.73,1.9065751436566365,31.79,0,unknown,50000.0,0,Morning,Monsoon,8,Anomaly/Unclassified
9.51278,78.066,343.56,0.42,0.38,2026-08-30,828,N,VIIRS,n,2.0NRT,303.22,D,343.56,10.29,2.4239173781615704,40.34,1,unknown,50000.0,0,Morning,Monsoon,8,Wildfire Risk
9.86126,78.18573,338.34,0.43,0.38,2026-08-30,828,N,VIIRS,n,2.0NRT,303.91,D,338.34,4.18,1.6448050562713916,34.43,1,unknown,50000.0,0,Morning,Monsoon,8,Anomaly/Unclassified
9.87797,78.03197,336.6,0.42,0.38,2026-08-30,828,N,VIIRS,n,2.0NRT,294.37,D,336.6,1.97,1.0885619528146082,42.23,1,unknown,50000.0,0,Morning,Monsoon,8,Anomaly/Unclassified
9.77185,78.36581,340.43,0.42,0.38,2026-08-31,807,N,VIIRS,n,2.0NRT,303.44,D,340.43,3.64,1.534714366238164,36.99,1,unknown,50000.0,0,Morning,Monsoon,8,Anomaly/Unclassified
9.9931,79.18903,333.06,0.57,0.52,2026-08-27,744,N,VIIRS,n,2.0NRT,295.75,D,333.06,1.7,0.9932517730102833,37.31,1,unknown,50000.0,0,Morning,Monsoon,8,Anomaly/Unclassified
10.00316,76.4542,333.81,0.39,0.36,2026-08-30,828,N,VIIRS,n,2.0NRT,298.59,D,333.81,0.94,0.6626879730752367,35.22,1,unknown,50000.0,0,Morning,Monsoon,8,Anomaly/Unclassified
10.87787,77.24078,330.18,0.37,0.58,2026-08-27,744,N,VIIRS,n,2.0NRT,295.55,D,330.18,3.26,1.449269160281279,34.63,1,unknown,50000.0,0,Morning,Monsoon,8,Anomaly/Unclassified
10.61728,77.41994,301.09,0.33,0.55,2026-08-28,2000,N,VIIRS,n,2.0NRT,284.85,N,301.09,0.23,0.20701416938432615,16.24,1,unknown,50000.0,0,Evening,Monsoon,8,Anomaly/Unclassified
10.28012,78.98431,339.64,0.58,0.52,2026-08-27,744,N,VIIRS,n,2.0NRT,296.95,D,339.64,7.07,2.0881534822818573,42.69,1,unknown,50000.0,0,Morning,Monsoon,8,Wildfire Risk
10.93459,78.47301,337.47,0.58,0.52,2026-08-29,845,N,VIIRS,n,2.0NRT,299.46,D,337.47,5.59,1.8855533485144158,38.01,1,unknown,50000.0,0,Morning,Monsoon,8,Anomaly/Unclassified
10.93793,78.46664,321.14,0.59,0.7,2026-08-29,1940,N,VIIRS,n,2.0NRT,278.39,N,321.14,1.99,1.095273387402595,42.75,1,unknown,50000.0,2,Evening,Monsoon,8,Agricultural Burning
10.94446,78.46751,302.27,0.59,0.7,2026-08-29,1940,N,VIIRS,n,2.0NRT,277.97,N,302.27,1.99,1.095273387402595,24.3,1,unknown,50000.0,2,Evening,Monsoon,8,Agricultural Burning
10.94256,78.46865,309.17,0.65,0.73,2026-08-29,2123,N,VIIRS,n,2.0NRT,288.02,N,309.17,2.26,1.1817271953786161,21.15,1,unknown,50000.0,2,Evening,Monsoon,8,Agricultural Burning
10.02469,78.36389,334.84,0.32,0.55,2026-08-27,744,N,VIIRS,n,2.0NRT,295.39,D,334.84,2.55,1.2669476034873244,39.45,1,unknown,50000.0,0,Morning,Monsoon,8,Anomaly/Unclassified
10.14528,78.35623,306.72,0.44,0.38,2026-08-27,2017,N,VIIRS,n,2.0NRT,293.87,N,306.72,0.73,0.5481214085096876,12.85,1,unknown,50000.0,0,Evening,Monsoon,8,Anomaly/Unclassified
10.99141,78.89906,338.6,0.57,0.52,2026-08-27,744,N,VIIRS,n,2.0NRT,298.76,D,338.6,10.52,2.444084655267745,39.84,1,unknown,50000.0,0,Morning,Monsoon,8,Wildfire Risk
11.10949,77.76649,309.44,0.48,0.4,2026-08-27,2017,N,VIIRS,n,2.0NRT,292.92,N,309.44,1.12,0.7514160886839212,16.52,1,unknown,50000.0,0,Evening,Monsoon,8,Anomaly/Unclassified
11.17704,79.08945,307.88,0.42,0.38,2026-08-27,2017,N,VIIRS,n,2.0NRT,291.52,N,307.88,1.27,0.8197798314933114,16.36,1,unknown,50000.0,0,Evening,Monsoon,8,Anomaly/Unclassified
11.18222,79.10208,304.71,0.42,0.38,2026-08-27,2017,N,VIIRS,n,2.0NRT,290.78,N,304.71,2.06,1.1184149159642893,13.93,1,unknown,50000.0,0,Evening,Monsoon,8,Anomaly/Unclassified
11.81603,77.91864,320.62,0.48,0.4,2026-08-27,2017,N,VIIRS,n,2.0NRT,290.36,N,320.62,2.43,1.2325602611778486,30.26,1,unknown,50000.0,1,Evening,Monsoon,8,Agricultural Burning
11.81781,77.91653,311.73,0.48,0.4,2026-08-27,2017,N,VIIRS,n,2.0NRT,289.98,N,311.73,2.88,1.355835153635182,21.75,1,unknown,50000.0,1,Evening,Monsoon,8,Agricultural Burning
11.73493,77.98431,331.16,0.42,0.37,2026-08-31,809,N,VIIRS,n,2.0NRT,299.52,D,331.16,3.07,1.4036429994545037,31.64,1,unknown,50000.0,0,Morning,Monsoon,8,Anomaly/Unclassified
11.80935,77.92519,331.34,0.42,0.38,2026-08-31,809,N,VIIRS,l,2.0NRT,292.97,D,331.34,2.83,1.3428648031925547,38.37,0,unknown,50000.0,0,Morning,Monsoon,8,Anomaly/Unclassified
11.26739,80.00417,312.59,0.4,0.37,2026-08-27,2017,N,VIIRS,n,2.0NRT,289.69,N,312.59,1.56,0.9400072584914712,22.9,1,unknown,50000.0,0,Evening,Monsoon,8,Anomaly/Unclassified
11.80984,77.21425,335.6,0.41,0.37,2026-08-30,828,N,VIIRS,n,2.0NRT,301.41,D,335.6,61.33,4.132442850820759,34.19,1,unknown,50000.0,0,Morning,Monsoon,8,Wildfire Risk
11.52704,77.24921,330.49,0.45,0.39,2026-08-31,809,N,VIIRS,l,2.0NRT,299.28,D,330.49,3.56,1.5173226235262949,31.21,0,unknown,50000.0,1,Morning,Monsoon,8,Agricultural Burning
11.52934,77.24984,332.74,0.45,0.39,2026-08-31,809,N,VIIRS,n,2.0NRT,298.98,D,332.74,4.63,1.728109442151599,33.76,1,unknown,50000.0,1,Morning,Monsoon,8,Agricultural Burning
11.62862,78.61463,331.27,0.4,0.37,2026-08-31,807,N,VIIRS,l,2.0NRT,298.12,D,331.27,4.3,1.667706820558076,33.15,0,unknown,50000.0,0,Morning,Monsoon,8,Anomaly/Unclassified
11.69187,79.39234,332.69,0.52,0.5,2026-08-27,744,N,VIIRS,n,2.0NRT,295.48,D,332.69,1.98,1.091923300517313,37.21,1,unknown,50000.0,0,Morning,Monsoon,8,Anomaly/Unclassified
11.62482,79.08276,304.91,0.34,0.56,2026-08-30,2101,N,VIIRS,n,2.0NRT,283.7,N,304.91,0.94,0.6626879730752367,21.21,1,unknown,50000.0,0,Evening,Monsoon,8,Anomaly/Unclassified
12.48661,76.3177,336.89,0.39,0.37,2026-08-30,828,N,VIIRS,n,2.0NRT,298.79,D,336.89,3.61,1.528227857008557,38.1,1,unknown,50000.0,0,Morning,Monsoon,8,Anomaly/Unclassified
12.07226,78.52171,302.25,0.63,0.72,2026-08-29,2121,N,VIIRS,n,2.0NRT,284.22,N,302.25,1.07,0.7275486072772778,18.03,1,unknown,50000.0,0,Evening,Monsoon,8,Anomaly/Unclassified
11.74922,79.71774,333.73,0.36,0.58,2026-08-29,845,N,VIIRS,n,2.0NRT,294.78,D,333.73,2.57,1.2725655957915476,38.95,1,unknown,50000.0,0,Morning,Monsoon,8,Anomaly/Unclassified
11.83292,79.64937,332.56,0.36,0.57,2026-08-29,845,N,VIIRS,n,2.0NRT,295.44,D,332.56,2.65,1.2947271675944,37.12,1,unknown,50000.0,0,Morning,Monsoon,8,Anomaly/Unclassified
11.99381,79.54753,350.08,0.39,0.36,2026-08-31,809,N,VIIRS,n,2.0NRT,310.35,D,350.08,8.02,2.199444334074532,39.73,1,unknown,50000.0,0,Morning,Monsoon,8,Wildfire Risk
11.99713,79.547,346.13,0.39,0.36,2026-08-31,809,N,VIIRS,n,2.0NRT,308.36,D,346.13,8.02,2.199444334074532,37.77,1,unknown,50000.0,0,Morning,Monsoon,8,Wildfire Risk
12.49513,76.73359,298.77,0.47,0.64,2026-08-29,2121,N,VIIRS,n,2.0NRT,284.16,N,298.77,0.38,0.3220834991691133,14.61,1,unknown,50000.0,0,Evening,Monsoon,8,Anomaly/Unclassified
12.07999,76.99017,338.02,0.41,0.37,2026-08-30,828,N,VIIRS,n,2.0NRT,303.8,D,338.02,3.7,1.547562508716013,34.22,1,unknown,50000.0,0,Morning,Monsoon,8,Anomaly/Unclassified
12.05555,79.07794,330.89,0.39,0.36,2026-08-31,809,N,VIIRS,l,2.0NRT,302.51,D,330.89,2.96,1.3762440252663892,28.38,0,unknown,50000.0,0,Morning,Monsoon,8,Anomaly/Unclassified
12.19828,79.71751,331.74,0.48,0.48,2026-08-27,744,N,VIIRS,n,2.0NRT,293.89,D,331.74,2.89,1.358409157630355,37.85,1,unknown,50000.0,0,Morning,Monsoon,8,Anomaly/Unclassified
12.17967,79.73842,344.66,0.37,0.58,2026-08-29,845,N,VIIRS,n,2.0NRT,295.14,D,344.66,7.67,2.1598687907924505,49.52,1,unknown,50000.0,0,Morning,Monsoon,8,Wildfire Risk
12.81456,78.60983,333.07,0.48,0.4,2026-08-30,828,N,VIIRS,n,2.0NRT,291.11,D,333.07,2.64,1.2919836816486494,41.96,1,unknown,50000.0,0,Morning,Monsoon,8,Anomaly/Unclassified
13.39244,80.10186,316.57,0.41,0.37,2026-08-27,2019,N,VIIRS,n,2.0NRT,295.63,N,316.57,2.51,1.2556160374777743,20.94,1,unknown,50000.0,0,Evening,Monsoon,8,Anomaly/Unclassified
13.40939,80.26858,339.14,0.39,0.36,2026-08-31,809,N,VIIRS,n,2.0NRT,301.29,D,339.14,2.09,1.128171090909654,37.85,1,unknown,50000.0,0,Morning,Monsoon,8,Anomaly/Unclassified
12.58657,79.6415,349.15,0.38,0.36,2026-08-31,809,N,VIIRS,n,2.0NRT,307.62,D,349.15,4.02,1.6134299337036377,41.53,1,unknown,50000.0,0,Morning,Monsoon,8,Anomaly/Unclassified
13.03323,77.87466,295.27,0.55,0.68,2026-08-29,2121,N,VIIRS,n,2.0NRT,280.63,N,295.27,0.36,0.3074846997479606,14.64,1,unknown,50000.0,0,Evening,Monsoon,8,Anomaly/Unclassified
13.51015,78.18242,335.03,0.6,0.53,2026-08-29,848,N,VIIRS,n,2.0NRT,295.74,D,335.03,6.93,2.0706530356467567,39.29,1,unknown,50000.0,0,Morning,Monsoon,8,Anomaly/Unclassified
13.9402,78.66064,331.18,0.5,0.41,2026-08-30,828,N,VIIRS,n,2.0NRT,299.53,D,331.18,2.81,1.3376291891386096,31.65,1,unknown,50000.0,0,Morning,Monsoon,8,Anomaly/Unclassified
13.70962,79.61949,310.51,0.42,0.38,2026-08-27,2019,N,VIIRS,n,2.0NRT,292.96,N,310.51,1.84,1.0438040521731147,17.55,1,unknown,50000.0,2,Evening,Monsoon,8,Agricultural Burning
13.71205,79.61907,307.18,0.52,0.5,2026-08-28,1957,N,VIIRS,n,2.0NRT,290.35,N,307.18,2.67,1.3001916620664788,16.83,1,unknown,50000.0,2,Evening,Monsoon,8,Agricultural Burning
13.99587,79.86121,330.58,0.39,0.44,2026-08-30,828,N,VIIRS,n,2.0NRT,297.69,D,330.58,3.16,1.425515074273172,32.89,1,unknown,50000.0,0,Morning,Monsoon,8,Anomaly/Unclassified
13.71089,79.62021,304.97,0.34,0.56,2026-08-30,2101,N,VIIRS,n,2.0NRT,281.19,N,304.97,1.05,0.7178397931503169,23.78,1,unknown,50000.0,2,Evening,Monsoon,8,Agricultural Burning
13.82483,79.2569,309.05,0.44,0.38,2026-08-27,2019,N,VIIRS,n,2.0NRT,292.0,N,309.05,1.07,0.7275486072772778,17.05,1,unknown,50000.0,0,Evening,Monsoon,8,Anomaly/Unclassified
13.82755,79.33979,302.83,0.32,0.55,2026-08-30,2101,N,VIIRS,n,2.0NRT,278.47,N,302.83,0.49,0.3987761199573678,24.36,1,unknown,50000.0,3,Evening,Monsoon,8,Industrial (Normal)
13.82812,79.33691,305.97,0.32,0.55,2026-08-30,2101,N,VIIRS,n,2.0NRT,279.11,N,305.97,0.49,0.3987761199573678,26.86,1,unknown,50000.0,3,Evening,Monsoon,8,Industrial (Normal)
13.82816,79.33921,305.91,0.32,0.55,2026-08-30,2101,N,VIIRS,n,2.0NRT,278.87,N,305.91,0.64,0.49469624183610705,27.04,1,unknown,50000.0,3,Evening,Monsoon,8,Industrial (Normal)
13.82868,79.33408,302.13,0.32,0.55,2026-08-30,2101,N,VIIRS,n,2.0NRT,278.63,N,302.13,0.73,0.5481214085096876,23.5,1,unknown,50000.0,0,Evening,Monsoon,8,Anomaly/Unclassified
13.82871,79.33633,304.76,0.32,0.55,2026-08-30,2101,N,VIIRS,n,2.0NRT,278.4,N,304.76,0.64,0.49469624183610705,26.36,1,unknown,50000.0,3,Evening,Monsoon,8,Industrial (Normal)
13.81923,79.34404,351.56,0.38,0.36,2026-08-31,809,N,VIIRS,n,2.0NRT,293.93,D,351.56,13.51,2.6748380668960965,57.63,1,unknown,50000.0,0,Morning,Monsoon,8,Wildfire Risk
14.29174,77.98407,337.34,0.46,0.39,2026-08-30,828,N,VIIRS,n,2.0NRT,294.69,D,337.34,3.76,1.5602476682433286,42.65,1,unknown,50000.0,0,Morning,Monsoon,8,Anomaly/Unclassified
14.3499,77.63499,335.71,0.45,0.39,2026-08-30,828,N,VIIRS,n,2.0NRT,300.01,D,335.71,3.47,1.4973884086254776,35.7,1,unknown,50000.0,0,Morning,Monsoon,8,Industrial (Normal)
14.14709,77.40031,330.17,0.55,0.51,2026-08-29,848,N,VIIRS,n,2.0NRT,296.0,D,330.17,1.36,0.8586616190375187,34.17,1,unknown,50000.0,0,Morning,Monsoon,8,Anomaly/Unclassified
14.18999,77.3446,342.86,0.43,0.38,2026-08-30,828,N,VIIRS,n,2.0NRT,298.23,D,342.86,3.06,1.4011829736136414,44.63,1,unknown,50000.0,0,Morning,Monsoon,8,Anomaly/Unclassified
14.47656,78.25895,335.97,0.39,0.36,2026-08-31,809,N,VIIRS,n,2.0NRT,296.94,D,335.97,5.87,1.927164106234258,39.03,1,unknown,50000.0,0,Morning,Monsoon,8,Anomaly/Unclassified
14.20221,79.16484,336.34,0.36,0.57,2026-08-29,848,N,VIIRS,n,2.0NRT,292.66,D,336.34,2.54,1.264126727145683,43.68,1,unknown,50000.0,0,Morning,Monsoon,8,Anomaly/Unclassified
14.49166,79.70969,339.76,0.45,0.63,2026-08-28,726,N,VIIRS,n,2.0NRT,297.46,D,339.76,6.57,2.0241930674493576,42.3,1,unknown,50000.0,1,Morning,Monsoon,8,Agricultural Burning
14.49187,79.7094,335.09,0.45,0.63,2026-08-28,726,N,VIIRS,n,2.0NRT,297.62,D,335.09,5.47,1.8671761085128091,37.47,1,unknown,50000.0,1,Morning,Monsoon,8,Agricultural Burning
14.4991,79.69765,330.15,0.38,0.44,2026-08-30,828,N,VIIRS,n,2.0NRT,297.16,D,330.15,1.87,1.0543120297715298,32.99,1,unknown,50000.0,1,Morning,Monsoon,8,Agricultural Burning
14.67836,76.89172,333.67,0.42,0.38,2026-08-30,828,N,VIIRS,n,2.0NRT,291.89,D,333.67,2.11,1.1346227261911428,41.78,1,unknown,50000.0,0,Morning,Monsoon,8,Anomaly/Unclassified
14.75162,79.71841,330.88,0.45,0.63,2026-08-28,726,N,VIIRS,n,2.0NRT,293.97,D,330.88,2.94,1.3711807233098425,36.91,1,unknown,50000.0,0,Morning,Monsoon,8,Anomaly/Unclassified
14.78831,79.94443,332.64,0.41,0.61,2026-08-29,848,N,VIIRS,n,2.0NRT,290.36,D,332.64,6.21,1.9754689512968577,42.28,1,unknown,50000.0,0,Morning,Monsoon,8,Anomaly/Unclassified
14.50312,79.69711,336.85,0.38,0.44,2026-08-30,828,N,VIIRS,n,2.0NRT,296.91,D,336.85,1.54,0.9321640810304452,39.94,1,unknown,50000.0,1,Morning,Monsoon,8,Agricultural Burning
14.69206,79.62556,331.61,0.38,0.43,2026-08-30,828,N,VIIRS,n,2.0NRT,295.71,D,331.61,2.12,1.1378330018213911,35.9,1,unknown,50000.0,0,Morning,Monsoon,8,Anomaly/Unclassified
14.71446,79.98879,342.4,0.4,0.44,2026-08-30,828,N,VIIRS,n,2.0NRT,295.02,D,342.4,7.26,2.1114245875328868,47.38,1,unknown,50000.0,0,Morning,Monsoon,8,Wildfire Risk
14.84624,78.37249,332.45,0.49,0.4,2026-08-30,828,N,VIIRS,n,2.0NRT,299.84,D,332.45,2.01,1.1019400787607843,32.61,1,unknown,50000.0,0,Morning,Monsoon,8,Industrial (Normal)
15.33388,76.28443,306.14,0.44,0.46,2026-08-27,2019,N,VIIRS,n,2.0NRT,289.24,N,306.14,1.24,0.8064758658669484,16.9,1,unknown,50000.0,0,Evening,Monsoon,8,Anomaly/Unclassified
15.33447,76.2467,304.65,0.44,0.46,2026-08-27,2019,N,VIIRS,n,2.0NRT,290.98,N,304.65,0.65,0.5007752879124893,13.67,1,unknown,50000.0,0,Evening,Monsoon,8,Anomaly/Unclassified
15.07126,76.86606,302.03,0.4,0.44,2026-08-27,2019,N,VIIRS,n,2.0NRT,286.05,N,302.03,1.52,0.9242589015233319,15.98,1,unknown,50000.0,0,Evening,Monsoon,8,Anomaly/Unclassified
15.17269,76.6937,297.01,0.41,0.45,2026-08-27,2019,N,VIIRS,n,2.0NRT,273.2,N,297.01,1.21,0.7929925155296614,23.81,1,unknown,50000.0,1,Evening,Monsoon,8,Agricultural Burning
15.17371,76.65434,309.23,0.42,0.45,2026-08-27,2019,N,VIIRS,n,2.0NRT,285.98,N,309.23,2.19,1.1600209167967532,23.25,1,unknown,50000.0,0,Evening,Monsoon,8,Anomaly/Unclassified
15.17508,76.67622,297.14,0.43,0.62,2026-08-28,1957,N,VIIRS,n,2.0NRT,282.33,N,297.14,0.95,0.6678293725756554,14.81,1,unknown,50000.0,3,Evening,Monsoon,8,Industrial (Normal)
15.17742,76.65607,302.89,0.43,0.62,2026-08-28,1957,N,VIIRS,n,2.0NRT,286.94,N,302.89,2.55,1.2669476034873244,15.95,1,unknown,50000.0,2,Evening,Monsoon,8,Agricultural Burning
15.17891,76.65431,302.81,0.43,0.62,2026-08-28,1957,N,VIIRS,n,2.0NRT,286.99,N,302.81,1.76,1.0152306797290584,15.82,1,unknown,50000.0,0,Evening,Monsoon,8,Anomaly/Unclassified
15.18081,76.67679,307.26,0.43,0.62,2026-08-28,1957,N,VIIRS,n,2.0NRT,285.14,N,307.26,1.49,0.9122827104766162,22.12,1,unknown,50000.0,3,Evening,Monsoon,8,Industrial (Normal)
15.18128,76.67277,310.62,0.43,0.62,2026-08-28,1957,N,VIIRS,n,2.0NRT,286.51,N,310.62,2.0,1.0986122886681098,24.11,1,unknown,50000.0,5,Evening,Monsoon,8,Industrial (Normal)
15.18174,76.66875,301.69,0.43,0.62,2026-08-28,1957,N,VIIRS,n,2.0NRT,286.44,N,301.69,2.0,1.0986122886681098,15.25,1,unknown,50000.0,5,Evening,Monsoon,8,Industrial (Normal)
15.18244,76.67507,315.47,0.43,0.62,2026-08-28,1957,N,VIIRS,n,2.0NRT,286.94,N,315.47,2.9,1.3609765531356006,28.53,1,unknown,50000.0,3,Evening,Monsoon,8,Industrial (Normal)
15.18288,76.67104,302.34,0.43,0.62,2026-08-28,1957,N,VIIRS,n,2.0NRT,287.09,N,302.34,1.48,0.9082585601768908,15.25,1,unknown,50000.0,5,Evening,Monsoon,8,Industrial (Normal)
15.18332,76.66703,307.26,0.43,0.62,2026-08-28,1957,N,VIIRS,n,2.0NRT,287.05,N,307.26,1.48,0.9082585601768908,20.21,1,unknown,50000.0,5,Evening,Monsoon,8,Industrial (Normal)
15.18653,76.67741,301.38,0.43,0.62,2026-08-28,1957,N,VIIRS,n,2.0NRT,286.17,N,301.38,1.49,0.9122827104766162,15.21,1,unknown,50000.0,0,Evening,Monsoon,8,Anomaly/Unclassified
15.16888,76.67051,297.02,0.41,0.45,2026-08-30,2101,N,VIIRS,n,2.0NRT,279.46,N,297.02,0.4,0.33647223662121295,17.56,1,unknown,50000.0,0,Evening,Monsoon,8,Anomaly/Unclassified
15.17345,76.78623,302.27,0.42,0.45,2026-08-30,2101,N,VIIRS,n,2.0NRT,284.14,N,302.27,0.79,0.5822156198526637,18.13,1,unknown,50000.0,0,Evening,Monsoon,8,Anomaly/Unclassified
15.17362,76.69113,301.13,0.41,0.45,2026-08-30,2101,N,VIIRS,n,2.0NRT,281.35,N,301.13,0.52,0.41871033485818504,19.78,1,unknown,50000.0,1,Evening,Monsoon,8,Agricultural Burning
15.1757,76.65623,320.74,0.41,0.45,2026-08-30,2101,N,VIIRS,n,2.0NRT,283.06,N,320.74,3.12,1.415853163361435,37.68,1,unknown,50000.0,2,Evening,Monsoon,8,Agricultural Burning
15.17636,76.67603,312.47,0.41,0.45,2026-08-30,2101,N,VIIRS,n,2.0NRT,284.26,N,312.47,2.05,1.1151415906193203,28.21,1,unknown,50000.0,3,Evening,Monsoon,8,Industrial (Normal)
15.17842,76.66464,301.31,0.41,0.45,2026-08-30,2101,N,VIIRS,n,2.0NRT,282.67,N,301.31,1.47,0.9042181506398859,18.64,1,unknown,50000.0,2,Evening,Monsoon,8,Agricultural Burning
15.18182,76.66927,302.97,0.41,0.45,2026-08-30,2101,N,VIIRS,n,2.0NRT,282.18,N,302.97,1.46,0.9001613499442714,20.79,1,unknown,50000.0,5,Evening,Monsoon,8,Industrial (Normal)
15.1825,76.66548,315.65,0.41,0.45,2026-08-30,2101,N,VIIRS,n,2.0NRT,280.75,N,315.65,1.46,0.9001613499442714,34.9,1,unknown,50000.0,5,Evening,Monsoon,8,Industrial (Normal)
15.43925,77.664,333.31,0.46,0.39,2026-08-30,828,N,VIIRS,n,2.0NRT,291.37,D,333.31,2.43,1.2325602611778486,41.94,1,unknown,50000.0,0,Morning,Monsoon,8,Anomaly/Unclassified
15.02867,79.75406,334.11,0.44,0.62,2026-08-28,726,N,VIIRS,n,2.0NRT,296.17,D,334.11,2.51,1.2556160374777743,37.94,1,unknown,50000.0,0,Morning,Monsoon,8,Anomaly/Unclassified
15.02335,78.01398,308.39,0.52,0.41,2026-08-27,2019,N,VIIRS,n,2.0NRT,285.12,N,308.39,2.22,1.169381359556317,23.27,1,unknown,50000.0,0,Evening,Monsoon,8,Anomaly/Unclassified
15.17564,77.10123,299.95,0.39,0.44,2026-08-27,2019,N,VIIRS,n,2.0NRT,280.76,N,299.95,1.48,0.9082585601768908,19.19,1,unknown,50000.0,0,Evening,Monsoon,8,Anomaly/Unclassified
15.17497,77.10068,306.28,0.4,0.6,2026-08-28,1957,N,VIIRS,n,2.0NRT,288.41,N,306.28,0.83,0.6043159668533294,17.87,1,unknown,50000.0,0,Evening,Monsoon,8,Anomaly/Unclassified
15.46434,80.16425,349.37,0.43,0.62,2026-08-29,848,N,VIIRS,n,2.0NRT,293.78,D,349.37,5.8,1.916922612182061,55.59,1,unknown,50000.0,0,Morning,Monsoon,8,Anomaly/Unclassified
15.47011,80.16361,333.26,0.43,0.62,2026-08-29,848,N,VIIRS,n,2.0NRT,289.99,D,333.26,5.8,1.916922612182061,43.27,1,unknown,50000.0,0,Morning,Monsoon,8,Anomaly/Unclassified
15.65942,73.98846,301.95,0.65,0.73,2026-08-28,1957,N,VIIRS,n,2.0NRT,285.04,N,301.95,0.75,0.5596157879354227,16.91,1,unknown,50000.0,1,Evening,Monsoon,8,Agricultural Burning
15.66104,73.9874,299.07,0.65,0.73,2026-08-28,1957,N,VIIRS,n,2.0NRT,285.44,N,299.07,0.86,0.6205764877251099,13.63,1,unknown,50000.0,1,Evening,Monsoon,8,Agricultural Burning
15.99257,78.3996,304.82,0.51,0.41,2026-08-27,2017,N,VIIRS,n,2.0NRT,283.96,N,304.82,1.89,1.0612565021243408,20.86,1,unknown,50000.0,0,Evening,Monsoon,8,Anomaly/Unclassified
15.84457,79.77414,312.68,0.44,0.38,2026-08-27,2017,N,VIIRS,n,2.0NRT,293.76,N,312.68,3.7,1.547562508716013,18.92,1,unknown,50000.0,0,Evening,Monsoon,8,Anomaly/Unclassified
15.63637,79.58625,330.26,0.44,0.62,2026-08-28,726,N,VIIRS,n,2.0NRT,295.72,D,330.26,4.78,1.7544036826842861,34.54,1,unknown,50000.0,0,Morning,Monsoon,8,Industrial (Normal)
15.93384,79.5267,343.13,0.39,0.44,2026-08-30,828,N,VIIRS,n,2.0NRT,289.76,D,343.13,4.06,1.6213664832993742,53.37,1,unknown,50000.0,0,Morning,Monsoon,8,Anomaly/Unclassified
16.34823,78.444,337.73,0.34,0.56,2026-08-29,848,N,VIIRS,n,2.0NRT,290.62,D,337.73,3.06,1.4011829736136414,47.11,1,unknown,50000.0,0,Morning,Monsoon,8,Anomaly/Unclassified
15.76769,79.49413,331.28,0.44,0.62,2026-08-28,726,N,VIIRS,n,2.0NRT,292.63,D,331.28,3.29,1.4562867329399256,38.65,1,unknown,50000.0,0,Morning,Monsoon,8,Anomaly/Unclassified
16.22416,80.35689,334.08,0.46,0.63,2026-08-29,848,N,VIIRS,n,2.0NRT,290.07,D,334.08,3.15,1.423108334242607,44.01,1,unknown,50000.0,0,Morning,Monsoon,8,Anomaly/Unclassified
16.54488,79.75774,307.31,0.44,0.39,2026-08-27,2017,N,VIIRS,n,2.0NRT,293.17,N,307.31,3.09,1.4085449700547104,14.14,1,unknown,50000.0,0,Evening,Monsoon,8,Anomaly/Unclassified
17.95565,80.79626,317.3,0.42,0.37,2026-08-27,2017,N,VIIRS,n,2.0NRT,291.82,N,317.3,2.91,1.3635373739972745,25.48,1,unknown,50000.0,1,Evening,Monsoon,8,Agricultural Burning
17.95681,80.78843,308.3,0.42,0.37,2026-08-27,2017,N,VIIRS,n,2.0NRT,291.87,N,308.3,3.03,1.3937663759585914,16.43,1,unknown,50000.0,0,Evening,Monsoon,8,Anomaly/Unclassified
17.95635,80.79659,310.34,0.49,0.49,2026-08-28,1957,N,VIIRS,n,2.0NRT,286.49,N,310.34,1.61,0.959350221334602,23.85,1,unknown,50000.0,1,Evening,Monsoon,8,Agricultural Burning
17.64342,74.69589,335.54,0.41,0.61,2026-08-27,746,N,VIIRS,n,2.0NRT,291.34,D,335.54,4.07,1.623340817603092,44.2,1,unknown,50000.0,0,Morning,Monsoon,8,Anomaly/Unclassified
18.68072,73.03546,301.74,0.42,0.45,2026-08-29,2121,N,VIIRS,n,2.0NRT,286.59,N,301.74,1.16,0.7701082216960736,15.15,1,unknown,50000.0,0,Evening,Monsoon,8,Anomaly/Unclassified
18.68258,73.03453,301.67,0.42,0.45,2026-08-29,2121,N,VIIRS,n,2.0NRT,288.88,N,301.67,1.27,0.8197798314933114,12.79,1,unknown,50000.0,1,Evening,Monsoon,8,Agricultural Burning
18.68334,73.03059,312.61,0.42,0.45,2026-08-29,2121,N,VIIRS,n,2.0NRT,289.26,N,312.61,1.66,0.9783261227936076,23.35,1,unknown,50000.0,1,Evening,Monsoon,8,Agricultural Burning
18.68747,73.03146,301.4,0.42,0.45,2026-08-29,2121,N,VIIRS,n,2.0NRT,287.56,N,301.4,1.66,0.9783261227936076,13.84,1,unknown,50000.0,0,Evening,Monsoon,8,Anomaly/Unclassified
18.68969,73.04101,304.97,0.39,0.36,2026-08-30,2059,N,VIIRS,n,2.0NRT,291.93,N,304.97,1.57,0.9439058989071284,13.04,1,unknown,50000.0,1,Evening,Monsoon,8,Agricultural Burning
18.69302,73.0416,319.89,0.39,0.36,2026-08-30,2059,N,VIIRS,n,2.0NRT,293.8,N,319.89,3.62,1.5303947050936475,26.09,1,unknown,50000.0,1,Evening,Monsoon,8,Agricultural Burning
17.46458,80.65409,319.97,0.42,0.37,2026-08-27,2017,N,VIIRS,n,2.0NRT,292.22,N,319.97,2.91,1.3635373739972745,27.75,1,unknown,50000.0,2,Evening,Monsoon,8,Agricultural Burning
17.46277,80.65205,305.23,0.5,0.49,2026-08-28,1957,N,VIIRS,n,2.0NRT,287.76,N,305.23,2.54,1.264126727145683,17.47,1,unknown,50000.0,2,Evening,Monsoon,8,Agricultural Burning
17.46345,80.65358,305.28,0.5,0.49,2026-08-28,1957,N,VIIRS,n,2.0NRT,287.2,N,305.28,1.06,0.7227059828014898,18.08,1,unknown,50000.0,2,Evening,Monsoon,8,Agricultural Burning
18.77881,73.74908,300.74,0.46,0.47,2026-08-29,2121,N,VIIRS,n,2.0NRT,286.8,N,300.74,0.99,0.688134638736401,13.94,1,unknown,50000.0,0,Evening,Monsoon,8,Anomaly/Unclassified
18.54634,74.25378,311.92,0.42,0.38,2026-08-30,2059,N,VIIRS,n,2.0NRT,289.64,N,311.92,1.13,0.7561219797213337,22.28,1,unknown,50000.0,0,Evening,Monsoon,8,Anomaly/Unclassified
20.86458,84.98833,338.21,0.39,0.36,2026-08-27,746,N,VIIRS,n,2.0NRT,293.29,D,338.21,4.15,1.6389967146756448,44.92,1,unknown,50000.0,0,Morning,Monsoon,8,Anomaly/Unclassified
20.884,84.98126,330.65,0.39,0.36,2026-08-27,746,N,VIIRS,n,2.0NRT,295.69,D,330.65,2.97,1.3787660946990992,34.96,1,unknown,50000.0,0,Morning,Monsoon,8,Wildfire Risk
19.7772,73.79005,333.97,0.39,0.36,2026-08-30,830,N,VIIRS,n,2.0NRT,293.26,D,333.97,2.03,1.1085626195212777,40.71,1,unknown,50000.0,0,Morning,Monsoon,8,Anomaly/Unclassified
19.93695,73.71136,323.05,0.4,0.37,2026-08-30,2059,N,VIIRS,n,2.0NRT,287.35,N,323.05,2.32,1.199964782928397,35.7,1,unknown,50000.0,0,Evening,Monsoon,8,Anomaly/Unclassified
20.35619,72.94963,305.96,0.39,0.36,2026-08-30,2059,N,VIIRS,n,2.0NRT,291.96,N,305.96,1.84,1.0438040521731147,14.0,1,unknown,50000.0,0,Evening,Monsoon,8,Anomaly/Unclassified
20.9107,71.46196,305.7,0.6,0.53,2026-08-28,2138,N,VIIRS,n,2.0NRT,292.17,N,305.7,2.89,1.358409157630355,13.53,1,unknown,50000.0,0,Evening,Monsoon,8,Anomaly/Unclassified
20.86841,71.39706,303.07,0.48,0.4,2026-08-29,2118,N,VIIRS,n,2.0NRT,292.83,N,303.07,2.52,1.2584609896100056,10.24,1,unknown,50000.0,0,Evening,Monsoon,8,Anomaly/Unclassified
20.78782,85.26209,335.01,0.39,0.36,2026-08-27,746,N,VIIRS,n,2.0NRT,289.15,D,335.01,1.55,0.9360933591703349,45.86,1,unknown,50000.0,0,Morning,Monsoon,8,Anomaly/Unclassified
21.10433,72.64272,305.89,0.45,0.63,2026-08-27,2017,N,VIIRS,n,2.0NRT,264.87,N,305.89,2.66,1.297463147413275,41.02,1,unknown,50000.0,3,Evening,Monsoon,8,Industrial (Normal)
21.10043,72.63733,305.36,0.35,0.57,2026-08-28,2138,N,VIIRS,n,2.0NRT,289.84,N,305.36,1.2,0.7884573603642702,15.52,1,unknown,50000.0,3,Evening,Monsoon,8,Industrial (Normal)
21.1034,72.64882,301.14,0.35,0.57,2026-08-28,2138,N,VIIRS,n,2.0NRT,288.98,N,301.14,0.74,0.5538851132264376,12.16,1,unknown,50000.0,0,Evening,Monsoon,8,Anomaly/Unclassified
21.10102,72.63954,295.93,0.38,0.36,2026-08-30,2059,N,VIIRS,n,2.0NRT,281.97,N,295.93,0.49,0.3987761199573678,13.96,1,unknown,50000.0,3,Evening,Monsoon,8,Industrial (Normal)
21.1016,72.63586,315.23,0.38,0.36,2026-08-30,2059,N,VIIRS,n,2.0NRT,282.26,N,315.23,1.65,0.9745596399981308,32.97,1,unknown,50000.0,3,Evening,Monsoon,8,Industrial (Normal)
21.26307,72.94081,312.03,0.38,0.36,2026-08-30,2059,N,VIIRS,n,2.0NRT,293.36,N,312.03,2.1,1.1314021114911006,18.67,1,unknown,50000.0,0,Evening,Monsoon,8,Anomaly/Unclassified
21.74797,83.84405,332.09,0.55,0.43,2026-08-28,729,N,VIIRS,n,2.0NRT,289.1,D,332.09,4.65,1.7316555451583497,42.99,1,unknown,50000.0,0,Morning,Monsoon,8,Anomaly/Unclassified
21.79665,72.08905,308.36,0.39,0.36,2026-08-30,2059,N,VIIRS,n,2.0NRT,292.6,N,308.36,1.45,0.8960880245566356,15.76,1,unknown,50000.0,0,Evening,Monsoon,8,Anomaly/Unclassified
21.17639,74.58324,334.94,0.4,0.37,2026-08-30,830,N,VIIRS,n,2.0NRT,291.83,D,334.94,1.91,1.0681530811834012,43.11,1,unknown,50000.0,0,Morning,Monsoon,8,Anomaly/Unclassified
21.59176,96.22928,301.52,0.44,0.39,2026-08-29,1938,N,VIIRS,n,2.0NRT,279.03,N,301.52,0.81,0.5933268452777344,22.49,1,unknown,50000.0,0,Evening,Monsoon,8,Anomaly/Unclassified
21.84742,97.18694,334.06,0.48,0.4,2026-08-29,707,N,VIIRS,n,2.0NRT,293.31,D,334.06,3.89,1.5871923034867808,40.75,1,unknown,50000.0,0,Morning,Monsoon,8,Anomaly/Unclassified
22.38937,73.11508,295.06,0.43,0.62,2026-08-27,2017,N,VIIRS,n,2.0NRT,272.37,N,295.06,0.59,0.4637340162321401,22.69,1,unknown,50000.0,0,Evening,Monsoon,8,Anomaly/Unclassified
22.24742,87.38844,309.29,0.46,0.39,2026-08-27,2014,N,VIIRS,n,2.0NRT,285.15,N,309.29,1.81,1.0331844833456545,24.14,1,unknown,50000.0,0,Evening,Monsoon,8,Anomaly/Unclassified
22.3576,87.29176,305.77,0.46,0.39,2026-08-27,2014,N,VIIRS,n,2.0NRT,285.89,N,305.77,1.78,1.0224509277025458,19.88,1,unknown,50000.0,0,Evening,Monsoon,8,Anomaly/Unclassified
22.36518,87.3004,323.59,0.46,0.39,2026-08-27,2014,N,VIIRS,n,2.0NRT,287.19,N,323.59,3.88,1.5851452198650557,36.4,1,unknown,50000.0,1,Evening,Monsoon,8,Agricultural Burning
22.3763,87.27986,324.45,0.46,0.39,2026-08-27,2014,N,VIIRS,n,2.0NRT,287.22,N,324.45,3.31,1.4609379041156565,37.23,1,unknown,50000.0,6,Evening,Monsoon,8,Industrial (Normal)
22.3771,87.27546,307.83,0.46,0.39,2026-08-27,2014,N,VIIRS,n,2.0NRT,286.36,N,307.83,1.49,0.9122827104766162,21.47,1,unknown,50000.0,6,Evening,Monsoon,8,Industrial (Normal)
22.36216,87.01751,332.41,0.4,0.37,2026-08-28,729,N,VIIRS,n,2.0NRT,295.92,D,332.41,4.8,1.7578579175523736,36.49,1,unknown,50000.0,2,Morning,Monsoon,8,Agricultural Burning
22.377,87.2805,341.05,0.4,0.37,2026-08-28,729,N,VIIRS,n,2.0NRT,291.28,D,341.05,7.49,2.138889000323256,49.77,1,unknown,50000.0,6,Morning,Monsoon,8,Industrial (Normal)
22.37586,87.27822,331.92,0.43,0.46,2026-08-29,707,N,VIIRS,n,2.0NRT,292.02,D,331.92,4.74,1.747459210331475,39.9,1,unknown,50000.0,6,Morning,Monsoon,8,Industrial (Normal)
22.37665,87.28234,332.05,0.43,0.46,2026-08-29,707,N,VIIRS,n,2.0NRT,292.39,D,332.05,4.74,1.747459210331475,39.66,1,unknown,50000.0,6,Morning,Monsoon,8,Industrial (Normal)
22.36034,87.01775,301.87,0.46,0.47,2026-08-29,1938,N,VIIRS,n,2.0NRT,276.38,N,301.87,0.63,0.48858001481867097,25.49,1,unknown,50000.0,2,Evening,Monsoon,8,Agricultural Burning
22.36468,87.01837,303.34,0.46,0.47,2026-08-29,1938,N,VIIRS,n,2.0NRT,275.56,N,303.34,0.63,0.48858001481867097,27.78,1,unknown,50000.0,2,Evening,Monsoon,8,Agricultural Burning
22.36584,87.30197,304.37,0.44,0.46,2026-08-29,1938,N,VIIRS,n,2.0NRT,263.27,N,304.37,0.61,0.4762341789963716,41.1,1,unknown,50000.0,1,Evening,Monsoon,8,Wildfire Risk
22.37698,87.28178,298.14,0.44,0.46,2026-08-29,1938,N,VIIRS,n,2.0NRT,260.23,N,298.14,0.46,0.3784364357202451,37.91,1,unknown,50000.0,6,Evening,Monsoon,8,Industrial (Normal)
22.37749,87.27749,301.79,0.44,0.46,2026-08-29,1938,N,VIIRS,n,2.0NRT,261.04,N,301.79,0.46,0.3784364357202451,40.75,1,unknown,50000.0,6,Evening,Monsoon,8,Industrial (Normal)
22.78921,86.19717,327.01,0.41,0.37,2026-08-27,2014,N,VIIRS,n,2.0NRT,278.39,N,327.01,3.24,1.4445632692438664,48.62,1,unknown,50000.0,0,Evening,Monsoon,8,Anomaly/Unclassified
22.79055,86.20983,306.4,0.41,0.37,2026-08-27,2014,N,VIIRS,n,2.0NRT,278.4,N,306.4,1.08,0.7323678937132266,28.0,1,unknown,50000.0,0,Evening,Monsoon,8,Anomaly/Unclassified
22.92944,70.106,336.34,0.49,0.48,2026-08-28,907,N,VIIRS,n,2.0NRT,295.78,D,336.34,4.39,1.6845453849209058,40.56,1,unknown,50000.0,0,Morning,Monsoon,8,Anomaly/Unclassified
23.69652,85.29062,304.11,0.39,0.36,2026-08-27,2014,N,VIIRS,n,2.0NRT,279.36,N,304.11,0.74,0.5538851132264376,24.75,1,unknown,50000.0,0,Evening,Monsoon,8,Anomaly/Unclassified
23.84105,85.30284,296.4,0.39,0.36,2026-08-27,2014,N,VIIRS,n,2.0NRT,270.04,N,296.4,0.35,0.3001045924503381,26.36,1,unknown,50000.0,0,Evening,Monsoon,8,Anomaly/Unclassified
23.54881,87.24468,296.44,0.44,0.39,2026-08-27,2014,N,VIIRS,n,2.0NRT,266.9,N,296.44,0.54,0.43178241642553783,29.54,1,unknown,50000.0,0,Evening,Monsoon,8,Anomaly/Unclassified
23.55232,87.24541,308.68,0.44,0.39,2026-08-27,2014,N,VIIRS,n,2.0NRT,275.15,N,308.68,0.54,0.43178241642553783,33.53,1,unknown,50000.0,0,Evening,Monsoon,8,Anomaly/Unclassified
23.55659,87.24186,305.1,0.44,0.38,2026-08-27,2014,N,VIIRS,n,2.0NRT,278.17,N,305.1,1.94,1.0784095813505903,26.93,1,unknown,50000.0,3,Evening,Monsoon,8,Industrial (Normal)
23.56009,87.24259,308.29,0.44,0.38,2026-08-27,2014,N,VIIRS,n,2.0NRT,278.93,N,308.29,1.94,1.0784095813505903,29.36,1,unknown,50000.0,3,Evening,Monsoon,8,Industrial (Normal)
23.56085,87.2383,327.01,0.44,0.38,2026-08-27,2014,N,VIIRS,n,2.0NRT,278.76,N,327.01,1.94,1.0784095813505903,48.25,1,unknown,50000.0,3,Evening,Monsoon,8,Industrial (Normal)
23.66214,87.15569,314.34,0.44,0.38,2026-08-27,2014,N,VIIRS,n,2.0NRT,274.6,N,314.34,2.08,1.1249295969854831,39.74,1,unknown,50000.0,1,Evening,Monsoon,8,Agricultural Burning
23.66489,87.16066,304.31,0.44,0.38,2026-08-27,2014,N,VIIRS,n,2.0NRT,275.89,N,304.31,0.75,0.5596157879354227,28.42,1,unknown,50000.0,1,Evening,Monsoon,8,Agricultural Burning
23.68629,87.12115,295.74,0.44,0.38,2026-08-27,2014,N,VIIRS,n,2.0NRT,261.37,N,295.74,0.41,0.3435897043900769,34.37,1,unknown,50000.0,0,Evening,Monsoon,8,Anomaly/Unclassified
23.55899,87.24026,330.62,0.41,0.45,2026-08-29,709,N,VIIRS,n,2.0NRT,290.41,D,330.62,2.57,1.2725655957915476,40.21,1,unknown,50000.0,3,Morning,Monsoon,8,Industrial (Normal)
24.69089,73.00126,300.42,0.5,0.41,2026-08-29,2118,N,VIIRS,n,2.0NRT,281.62,N,300.42,0.74,0.5538851132264376,18.8,1,unknown,50000.0,1,Evening,Monsoon,8,Agricultural Burning
24.82164,73.09422,296.48,0.51,0.41,2026-08-29,2118,N,VIIRS,n,2.0NRT,276.77,N,296.48,0.53,0.4252677354043441,19.71,1,unknown,50000.0,0,Evening,Monsoon,8,Anomaly/Unclassified
24.68952,73.00175,308.21,0.39,0.36,2026-08-30,2057,N,VIIRS,n,2.0NRT,292.27,N,308.21,1.08,0.7323678937132266,15.94,1,unknown,50000.0,1,Evening,Monsoon,8,Agricultural Burning
24.95683,68.29113,330.06,0.39,0.36,2026-08-29,850,N,VIIRS,l,2.0NRT,304.65,D,330.06,2.12,1.1378330018213911,25.41,0,unknown,50000.0,0,Morning,Monsoon,8,Anomaly/Unclassified
23.74449,90.5308,337.63,0.43,0.38,2026-08-29,707,N,VIIRS,l,2.0NRT,295.91,D,337.63,3.85,1.5789787049493917,41.72,0,unknown,50000.0,0,Morning,Monsoon,8,Anomaly/Unclassified
24.11609,86.8623,299.6,0.42,0.38,2026-08-28,1955,N,VIIRS,n,2.0NRT,273.16,N,299.6,1.75,1.0116009116784799,26.44,1,unknown,50000.0,1,Evening,Monsoon,8,Agricultural Burning
24.11668,86.85818,299.08,0.42,0.38,2026-08-28,1955,N,VIIRS,n,2.0NRT,270.26,N,299.08,1.25,0.8109302162163288,28.82,1,unknown,50000.0,1,Evening,Monsoon,8,Agricultural Burning
24.08363,90.3568,330.71,0.43,0.38,2026-08-29,709,N,VIIRS,l,2.0NRT,294.95,D,330.71,6.46,2.0095554142156695,35.76,0,unknown,50000.0,0,Morning,Monsoon,8,Anomaly/Unclassified
24.66053,74.63365,302.81,0.4,0.6,2026-08-28,2136,N,VIIRS,n,2.0NRT,289.45,N,302.81,1.34,0.8501509293696101,13.36,1,unknown,50000.0,1,Evening,Monsoon,8,Agricultural Burning
24.66208,74.63699,297.67,0.41,0.45,2026-08-29,2118,N,VIIRS,n,2.0NRT,277.18,N,297.67,0.36,0.3074846997479606,20.49,1,unknown,50000.0,0,Evening,Monsoon,8,Anomaly/Unclassified
24.66288,74.63297,297.52,0.41,0.45,2026-08-29,2118,N,VIIRS,n,2.0NRT,277.29,N,297.52,0.45,0.37156355643248307,20.23,1,unknown,50000.0,1,Evening,Monsoon,8,Agricultural Burning
26.63018,70.38756,336.05,0.49,0.65,2026-08-27,748,N,VIIRS,n,2.0NRT,299.79,D,336.05,4.07,1.623340817603092,36.26,1,unknown,50000.0,0,Morning,Monsoon,8,Anomaly/Unclassified
26.63397,70.38496,340.33,0.49,0.65,2026-08-27,748,N,VIIRS,n,2.0NRT,300.41,D,340.33,3.37,1.4747630091074988,39.92,1,unknown,50000.0,0,Morning,Monsoon,8,Anomaly/Unclassified
26.09499,68.87773,305.36,0.55,0.42,2026-08-30,2057,N,VIIRS,n,2.0NRT,295.07,N,305.36,0.92,0.6523251860396903,10.29,1,unknown,50000.0,0,Evening,Monsoon,8,Anomaly/Unclassified
25.9428,72.19143,351.1,0.36,0.57,2026-08-28,909,N,VIIRS,n,2.0NRT,296.52,D,351.1,18.43,2.9668182633893485,54.58,1,unknown,50000.0,4,Morning,Monsoon,8,Industrial (Normal)
25.94312,72.19508,367.0,0.36,0.57,2026-08-28,909,N,VIIRS,h,2.0NRT,302.25,D,367.0,21.83,3.1280754605417043,64.75,2,unknown,50000.0,1,Morning,Monsoon,8,Wildfire Risk
25.94344,72.1987,330.75,0.36,0.57,2026-08-28,909,N,VIIRS,n,2.0NRT,298.95,D,330.75,21.83,3.1280754605417043,31.8,1,unknown,50000.0,1,Morning,Monsoon,8,Wildfire Risk
25.94091,72.19165,311.26,0.53,0.5,2026-08-28,2136,N,VIIRS,n,2.0NRT,294.86,N,311.26,2.14,1.144222799920162,16.4,1,unknown,50000.0,4,Evening,Monsoon,8,Agricultural Burning
25.94332,72.19199,305.54,0.45,0.39,2026-08-29,2118,N,VIIRS,n,2.0NRT,291.65,N,305.54,0.98,0.6830968447064438,13.89,1,unknown,50000.0,4,Evening,Monsoon,8,Industrial (Normal)
25.9433,72.19072,329.62,0.4,0.37,2026-08-30,2057,N,VIIRS,n,2.0NRT,294.95,N,329.62,2.98,1.3812818192963463,34.67,1,unknown,50000.0,4,Evening,Monsoon,8,Industrial (Normal)
25.94431,72.19051,325.37,0.4,0.37,2026-08-30,2057,N,VIIRS,n,2.0NRT,295.03,N,325.37,2.14,1.144222799920162,30.34,1,unknown,50000.0,4,Evening,Monsoon,8,Industrial (Normal)
25.38717,68.58321,337.92,0.4,0.37,2026-08-29,850,N,VIIRS,n,2.0NRT,305.66,D,337.92,2.16,1.1505720275988207,32.26,1,unknown,50000.0,0,Morning,Monsoon,8,Anomaly/Unclassified
25.81079,88.8863,303.34,0.49,0.4,2026-08-27,2014,N,VIIRS,n,2.0NRT,286.07,N,303.34,3.4,1.4816045409242156,17.27,1,unknown,50000.0,0,Evening,Monsoon,8,Anomaly/Unclassified
26.60799,90.33498,336.49,0.43,0.38,2026-08-28,729,N,VIIRS,n,2.0NRT,289.46,D,336.49,5.57,1.8825138324965192,47.03,1,unknown,50000.0,0,Morning,Monsoon,8,Anomaly/Unclassified
27.71435,68.49007,350.78,0.5,0.49,2026-08-31,813,N,VIIRS,n,2.0NRT,304.87,D,350.78,28.78,3.393837027255863,45.91,1,unknown,50000.0,0,Morning,Monsoon,8,Wildfire Risk
27.26775,88.31142,332.2,0.4,0.44,2026-08-27,748,N,VIIRS,n,2.0NRT,278.62,D,332.2,4.19,1.6467336971777973,53.58,1,unknown,50000.0,0,Morning,Monsoon,8,Anomaly/Unclassified
27.31574,72.3643,338.67,0.39,0.44,2026-08-29,852,N,VIIRS,n,2.0NRT,308.58,D,338.67,3.5,1.5040773967762742,30.09,1,unknown,50000.0,0,Morning,Monsoon,8,Anomaly/Unclassified
27.32473,95.27738,308.91,0.56,0.43,2026-08-28,1953,N,VIIRS,n,2.0NRT,289.97,N,308.91,0.89,0.636576829071551,18.94,1,unknown,50000.0,0,Evening,Monsoon,8,Anomaly/Unclassified
27.326,95.27651,309.19,0.56,0.43,2026-08-28,1953,N,VIIRS,n,2.0NRT,290.24,N,309.19,0.92,0.6523251860396903,18.95,1,unknown,50000.0,0,Evening,Monsoon,8,Anomaly/Unclassified
27.37818,95.33735,310.91,0.56,0.43,2026-08-28,1953,N,VIIRS,n,2.0NRT,290.26,N,310.91,2.81,1.3376291891386096,20.65,1,unknown,50000.0,0,Evening,Monsoon,8,Anomaly/Unclassified
27.37928,95.33176,306.89,0.56,0.43,2026-08-28,1953,N,VIIRS,n,2.0NRT,289.99,N,306.89,3.02,1.3912819026309295,16.9,1,unknown,50000.0,2,Evening,Monsoon,8,Agricultural Burning
27.22117,95.34689,312.89,0.39,0.36,2026-08-29,1936,N,VIIRS,n,2.0NRT,291.18,N,312.89,1.76,1.0152306797290584,21.71,1,unknown,50000.0,0,Evening,Monsoon,8,Anomaly/Unclassified
27.37603,95.33333,305.91,0.39,0.36,2026-08-29,1936,N,VIIRS,n,2.0NRT,282.11,N,305.91,1.99,1.095273387402595,23.8,1,unknown,50000.0,2,Evening,Monsoon,8,Wildfire Risk
27.37836,95.08643,306.1,0.38,0.36,2026-08-29,1936,N,VIIRS,n,2.0NRT,288.98,N,306.1,2.62,1.2864740258376797,17.12,1,unknown,50000.0,0,Evening,Monsoon,8,Anomaly/Unclassified
27.37933,95.33401,331.37,0.39,0.36,2026-08-29,1936,N,VIIRS,n,2.0NRT,282.55,N,331.37,1.99,1.095273387402595,48.82,1,unknown,50000.0,2,Evening,Monsoon,8,Agricultural Burning
27.47018,95.42361,307.94,0.39,0.36,2026-08-29,1936,N,VIIRS,n,2.0NRT,289.54,N,307.94,1.89,1.0612565021243408,18.4,1,unknown,50000.0,0,Evening,Monsoon,8,Anomaly/Unclassified
26.8731,73.51817,306.91,0.5,0.41,2026-08-29,2116,N,VIIRS,n,2.0NRT,290.25,N,306.91,1.12,0.7514160886839212,16.66,1,unknown,50000.0,1,Evening,Monsoon,8,Agricultural Burning
26.87508,73.5155,307.67,0.5,0.41,2026-08-29,2116,N,VIIRS,n,2.0NRT,290.4,N,307.67,1.58,0.9477893989335261,17.27,1,unknown,50000.0,1,Evening,Monsoon,8,Agricultural Burning
26.60605,73.68385,305.13,0.38,0.36,2026-08-30,2057,N,VIIRS,n,2.0NRT,292.92,N,305.13,0.71,0.5364933705145685,12.21,1,unknown,50000.0,0,Evening,Monsoon,8,Anomaly/Unclassified
26.87274,73.51597,306.77,0.39,0.36,2026-08-30,2057,N,VIIRS,n,2.0NRT,293.13,N,306.77,1.35,0.8544153281560676,13.64,1,unknown,50000.0,1,Evening,Monsoon,8,Agricultural Burning
26.87605,73.51661,309.34,0.39,0.36,2026-08-30,2057,N,VIIRS,n,2.0NRT,293.23,N,309.34,1.26,0.8153648132841945,16.11,1,unknown,50000.0,1,Evening,Monsoon,8,Agricultural Burning
26.87664,73.51275,304.99,0.39,0.36,2026-08-30,2057,N,VIIRS,n,2.0NRT,292.77,N,304.99,1.39,0.8712933659434193,12.22,1,unknown,50000.0,0,Evening,Monsoon,8,Anomaly/Unclassified
27.73219,68.73432,334.98,0.57,0.69,2026-08-27,748,N,VIIRS,n,2.0NRT,295.92,D,334.98,6.08,1.9572739077056285,39.06,1,unknown,50000.0,0,Morning,Monsoon,8,Anomaly/Unclassified
27.75767,68.69473,344.79,0.41,0.37,2026-08-29,852,N,VIIRS,n,2.0NRT,309.26,D,344.79,20.55,3.070375816549757,35.53,1,unknown,50000.0,0,Morning,Monsoon,8,Wildfire Risk
27.62484,69.46795,340.88,0.43,0.38,2026-08-29,852,N,VIIRS,l,2.0NRT,312.95,D,340.88,10.69,2.458733775483977,27.93,0,unknown,50000.0,0,Morning,Monsoon,8,Wildfire Risk
27.62835,69.46737,343.7,0.43,0.38,2026-08-29,852,N,VIIRS,l,2.0NRT,314.95,D,343.7,11.26,2.506341930508065,28.75,0,unknown,50000.0,0,Morning,Monsoon,8,Wildfire Risk
28.42398,69.70206,310.73,0.32,0.55,2026-08-27,2153,N,VIIRS,n,2.0NRT,296.06,N,310.73,1.46,0.9001613499442714,14.67,1,unknown,50000.0,2,Evening,Monsoon,8,Agricultural Burning
28.42477,69.69869,313.81,0.52,0.42,2026-08-28,2136,N,VIIRS,n,2.0NRT,298.24,N,313.81,1.06,0.7227059828014898,15.57,1,unknown,50000.0,2,Evening,Monsoon,8,Agricultural Burning
28.42534,69.70181,313.98,0.52,0.42,2026-08-28,2136,N,VIIRS,n,2.0NRT,298.29,N,313.98,1.63,0.9669838461896731,15.69,1,unknown,50000.0,1,Evening,Monsoon,8,Agricultural Burning
28.42461,69.70064,327.1,0.38,0.36,2026-08-29,2116,N,VIIRS,n,2.0NRT,298.11,N,327.1,1.83,1.0402767116551463,28.99,1,unknown,50000.0,2,Evening,Monsoon,8,Agricultural Burning
28.42588,69.698,310.32,0.53,0.42,2026-08-30,2057,N,VIIRS,n,2.0NRT,297.18,N,310.32,1.83,1.0402767116551463,13.14,1,unknown,50000.0,1,Evening,Monsoon,8,Agricultural Burning
27.98973,94.2222,336.75,0.42,0.38,2026-08-30,652,N,VIIRS,n,2.0NRT,297.24,D,336.75,18.02,2.9454910571172443,39.51,1,unknown,50000.0,0,Morning,Monsoon,8,Wildfire Risk
27.66868,76.13271,296.11,0.41,0.37,2026-08-30,2057,N,VIIRS,n,2.0NRT,276.77,N,296.11,0.32,0.2776317365982795,19.34,1,unknown,50000.0,1,Evening,Monsoon,8,Agricultural Burning
27.66938,76.12862,299.11,0.41,0.37,2026-08-30,2057,N,VIIRS,n,2.0NRT,279.78,N,299.11,0.32,0.2776317365982795,19.33,1,unknown,50000.0,1,Evening,Monsoon,8,Industrial (Normal)
28.35198,70.13081,307.1,0.5,0.41,2026-08-30,2057,N,VIIRS,n,2.0NRT,296.83,N,307.1,0.75,0.5596157879354227,10.27,1,unknown,50000.0,0,Evening,Monsoon,8,Anomaly/Unclassified
28.49807,97.02458,332.79,0.5,0.41,2026-08-31,631,N,VIIRS,n,2.0NRT,292.86,D,332.79,5.45,1.864080130807681,39.93,1,unknown,50000.0,0,Morning,Monsoon,8,Anomaly/Unclassified
28.37428,77.22549,303.85,0.49,0.49,2026-08-29,2116,N,VIIRS,n,2.0NRT,273.19,N,303.85,1.03,0.708035793053696,30.66,1,unknown,50000.0,0,Evening,Monsoon,8,Anomaly/Unclassified
28.12977,76.78864,335.41,0.39,0.36,2026-08-31,813,N,VIIRS,n,2.0NRT,296.53,D,335.41,2.37,1.2149127443642704,38.88,1,unknown,50000.0,0,Morning,Monsoon,8,Anomaly/Unclassified
28.10045,95.53236,330.43,0.47,0.39,2026-08-29,709,N,VIIRS,n,2.0NRT,294.85,D,330.43,2.14,1.144222799920162,35.58,1,unknown,50000.0,0,Morning,Monsoon,8,Anomaly/Unclassified
28.31779,95.1801,329.86,0.54,0.51,2026-08-28,729,N,VIIRS,n,2.0NRT,290.37,D,329.86,4.86,1.7681496035889213,39.49,1,unknown,50000.0,0,Morning,Monsoon,8,Anomaly/Unclassified
28.74306,76.92912,316.04,0.42,0.38,2026-08-30,2057,N,VIIRS,n,2.0NRT,291.02,N,316.04,1.91,1.0681530811834012,25.02,1,unknown,50000.0,0,Evening,Monsoon,8,Anomaly/Unclassified
29.27192,71.18018,356.76,0.34,0.56,2026-08-28,909,N,VIIRS,n,2.0NRT,299.7,D,356.76,4.02,1.6134299337036377,57.06,1,unknown,50000.0,1,Morning,Monsoon,8,Agricultural Burning
29.27299,71.17931,347.95,0.34,0.56,2026-08-28,909,N,VIIRS,n,2.0NRT,299.55,D,347.95,3.38,1.4770487243883548,48.4,1,unknown,50000.0,1,Morning,Monsoon,8,Wildfire Risk
29.47649,70.75252,330.8,0.4,0.6,2026-08-27,750,N,VIIRS,n,2.0NRT,299.04,D,330.8,2.16,1.1505720275988207,31.76,1,unknown,50000.0,0,Morning,Monsoon,8,Anomaly/Unclassified
29.457,76.86609,334.4,0.61,0.53,2026-08-27,2014,N,VIIRS,n,2.0NRT,289.84,N,334.4,7.66,2.1587147225743437,44.56,1,unknown,50000.0,0,Evening,Monsoon,8,Industrial (Normal)
29.47338,76.864,304.0,0.78,0.78,2026-08-27,2155,N,VIIRS,n,2.0NRT,286.48,N,304.0,2.54,1.264126727145683,17.52,1,unknown,50000.0,0,Evening,Monsoon,8,Agricultural Burning
29.45932,76.89091,330.32,0.45,0.47,2026-08-29,2116,N,VIIRS,n,2.0NRT,274.43,N,330.32,4.63,1.728109442151599,55.89,1,unknown,50000.0,1,Evening,Monsoon,8,Agricultural Burning
29.45914,76.89161,316.03,0.41,0.37,2026-08-30,2057,N,VIIRS,n,2.0NRT,292.1,N,316.03,3.18,1.430311246536665,23.93,1,unknown,50000.0,1,Evening,Monsoon,8,Agricultural Burning
29.4759,76.85623,311.77,0.41,0.37,2026-08-30,2057,N,VIIRS,n,2.0NRT,289.97,N,311.77,2.28,1.1878434223960523,21.8,1,unknown,50000.0,0,Evening,Monsoon,8,Anomaly/Unclassified
29.08417,88.0132,300.12,0.42,0.37,2026-08-27,2014,N,VIIRS,n,2.0NRT,280.25,N,300.12,1.48,0.9082585601768908,19.87,1,unknown,50000.0,1,Evening,Monsoon,8,Agricultural Burning
29.08413,88.01273,331.12,0.39,0.36,2026-08-28,731,N,VIIRS,l,2.0NRT,304.21,D,331.12,2.79,1.332366019094335,26.91,0,unknown,50000.0,1,Morning,Monsoon,8,Agricultural Burning
29.12339,75.77961,313.16,0.4,0.44,2026-08-29,2116,N,VIIRS,n,2.0NRT,288.46,N,313.16,1.65,0.9745596399981308,24.7,1,unknown,50000.0,0,Evening,Monsoon,8,Anomaly/Unclassified
29.23654,88.87944,329.58,0.43,0.38,2026-08-29,709,N,VIIRS,n,2.0NRT,294.29,D,329.58,2.4,1.2237754316221157,35.29,1,unknown,50000.0,0,Morning,Monsoon,8,Anomaly/Unclassified
29.70477,72.60225,337.54,0.62,0.54,2026-08-27,750,N,VIIRS,n,2.0NRT,293.84,D,337.54,4.11,1.631199404215613,43.7,1,unknown,50000.0,0,Morning,Monsoon,8,Anomaly/Unclassified
29.13515,89.25123,330.31,0.42,0.38,2026-08-28,731,N,VIIRS,l,2.0NRT,305.02,D,330.31,3.97,1.6034198401085376,25.29,0,unknown,50000.0,0,Morning,Monsoon,8,Anomaly/Unclassified
30.46343,71.93924,331.01,0.41,0.45,2026-08-29,852,N,VIIRS,n,2.0NRT,301.48,D,331.01,2.04,1.1118575154181303,29.53,1,unknown,50000.0,0,Morning,Monsoon,8,Anomaly/Unclassified
30.02923,71.74337,332.13,0.39,0.36,2026-08-30,835,N,VIIRS,l,2.0NRT,304.36,D,332.13,0.57,0.4510756193602166,27.77,0,unknown,50000.0,0,Morning,Monsoon,8,Anomaly/Unclassified
30.08648,71.7243,334.33,0.39,0.36,2026-08-30,835,N,VIIRS,n,2.0NRT,303.89,D,334.33,1.66,0.9783261227936076,30.44,1,unknown,50000.0,0,Morning,Monsoon,8,Anomaly/Unclassified
29.55473,90.99751,325.18,0.55,0.43,2026-08-30,652,N,VIIRS,l,2.0NRT,296.37,D,325.18,4.5,1.7047480922384253,28.81,0,unknown,50000.0,0,Morning,Monsoon,8,Anomaly/Unclassified
29.55749,90.99095,328.38,0.55,0.43,2026-08-30,652,N,VIIRS,n,2.0NRT,290.57,D,328.38,5.61,1.888583653863595,37.81,1,unknown,50000.0,0,Morning,Monsoon,8,Anomaly/Unclassified
29.65337,90.98225,327.32,0.55,0.43,2026-08-30,652,N,VIIRS,n,2.0NRT,292.56,D,327.32,3.42,1.4861396960896067,34.76,1,unknown,50000.0,0,Morning,Monsoon,8,Anomaly/Unclassified
29.90909,74.95557,306.55,0.4,0.6,2026-08-27,2014,N,VIIRS,n,2.0NRT,292.96,N,306.55,2.25,1.1786549963416462,13.59,1,unknown,50000.0,4,Evening,Monsoon,8,Industrial (Normal)
29.9094,74.95135,321.57,0.4,0.6,2026-08-27,2014,N,VIIRS,n,2.0NRT,293.15,N,321.57,13.61,2.681706225762608,28.42,1,unknown,50000.0,7,Evening,Monsoon,8,Industrial (Normal)
29.90971,74.94712,350.51,0.4,0.6,2026-08-27,2014,N,VIIRS,n,2.0NRT,294.75,N,350.51,13.61,2.681706225762608,55.76,1,unknown,50000.0,7,Evening,Monsoon,8,Industrial (Normal)
29.91002,74.94289,346.19,0.4,0.6,2026-08-27,2014,N,VIIRS,n,2.0NRT,292.71,N,346.19,12.52,2.604170070614818,53.48,1,unknown,50000.0,1,Evening,Monsoon,8,Wildfire Risk
29.91033,74.93867,305.44,0.4,0.6,2026-08-27,2014,N,VIIRS,n,2.0NRT,292.26,N,305.44,12.52,2.604170070614818,13.18,1,unknown,50000.0,1,Evening,Monsoon,8,Wildfire Risk
29.91498,74.95193,306.17,0.4,0.6,2026-08-27,2014,N,VIIRS,n,2.0NRT,293.0,N,306.17,1.59,0.9516578757114464,13.17,1,unknown,50000.0,7,Evening,Monsoon,8,Industrial (Normal)
29.91529,74.9477,308.09,0.4,0.6,2026-08-27,2014,N,VIIRS,n,2.0NRT,292.96,N,308.09,1.59,0.9516578757114464,15.13,1,unknown,50000.0,1,Evening,Monsoon,8,Anomaly/Unclassified
29.90638,74.95924,319.9,0.6,0.7,2026-08-27,2155,N,VIIRS,n,2.0NRT,292.24,N,319.9,19.52,3.021400020302569,27.66,1,unknown,50000.0,4,Evening,Monsoon,8,Industrial (Normal)
29.90671,74.9599,317.64,0.6,0.7,2026-08-27,2155,N,VIIRS,n,2.0NRT,292.12,N,317.64,15.44,2.7997173896280336,25.52,1,unknown,50000.0,4,Evening,Monsoon,8,Industrial (Normal)
29.90808,74.95317,367.0,0.6,0.7,2026-08-27,2155,N,VIIRS,h,2.0NRT,294.32,N,367.0,14.38,2.733067964077498,72.68,2,unknown,50000.0,7,Evening,Monsoon,8,Industrial (Normal)
29.90838,74.95381,367.0,0.6,0.7,2026-08-27,2155,N,VIIRS,h,2.0NRT,294.14,N,367.0,15.44,2.7997173896280336,72.86,2,unknown,50000.0,7,Evening,Monsoon,8,Industrial (Normal)
29.90978,74.9471,319.17,0.6,0.7,2026-08-27,2155,N,VIIRS,n,2.0NRT,292.2,N,319.17,14.38,2.733067964077498,26.97,1,unknown,50000.0,7,Evening,Monsoon,8,Agricultural Burning
29.91005,74.94773,319.45,0.6,0.7,2026-08-27,2155,N,VIIRS,n,2.0NRT,292.36,N,319.45,28.69,3.3908102887756684,27.09,1,unknown,50000.0,7,Evening,Monsoon,8,Industrial (Normal)
29.91436,74.95547,310.32,0.6,0.7,2026-08-27,2155,N,VIIRS,n,2.0NRT,292.87,N,310.32,14.38,2.733067964077498,17.45,1,unknown,50000.0,4,Evening,Monsoon,8,Industrial (Normal)
29.91466,74.95614,306.96,0.6,0.7,2026-08-27,2155,N,VIIRS,n,2.0NRT,293.04,N,306.96,15.44,2.7997173896280336,13.92,1,unknown,50000.0,4,Evening,Monsoon,8,Industrial (Normal)
29.91607,74.94938,305.84,0.6,0.7,2026-08-27,2155,N,VIIRS,n,2.0NRT,292.75,N,305.84,14.38,2.733067964077498,13.09,1,unknown,50000.0,1,Evening,Monsoon,8,Wildfire Risk
29.90926,74.9532,331.09,0.6,0.53,2026-08-29,852,N,VIIRS,n,2.0NRT,299.09,D,331.09,6.53,2.018895041811802,32.0,1,unknown,50000.0,7,Morning,Monsoon,8,Industrial (Normal)
30.17446,72.42593,335.47,0.78,0.78,2026-08-27,930,N,VIIRS,n,2.0NRT,292.53,D,335.47,7.18,2.1016921506146558,42.94,1,unknown,50000.0,1,Morning,Monsoon,8,Wildfire Risk
30.17456,72.42779,331.62,0.78,0.78,2026-08-27,930,N,VIIRS,n,2.0NRT,292.92,D,331.62,8.86,2.288486168614544,38.7,1,unknown,50000.0,1,Morning,Monsoon,8,Wildfire Risk
30.35123,73.65195,334.44,0.44,0.38,2026-08-30,835,N,VIIRS,n,2.0NRT,300.2,D,334.44,1.82,1.0367368849500223,34.24,1,unknown,50000.0,0,Morning,Monsoon,8,Anomaly/Unclassified
30.51386,73.90864,335.57,0.45,0.39,2026-08-30,835,N,VIIRS,n,2.0NRT,299.41,D,335.57,2.87,1.3532545070416904,36.16,1,unknown,50000.0,0,Morning,Monsoon,8,Anomaly/Unclassified
30.47519,76.58662,304.01,0.38,0.59,2026-08-28,2133,N,VIIRS,n,2.0NRT,288.36,N,304.01,0.86,0.6205764877251099,15.65,1,unknown,50000.0,0,Evening,Monsoon,8,Anomaly/Unclassified
30.11638,73.26059,335.4,0.42,0.38,2026-08-30,835,N,VIIRS,l,2.0NRT,305.78,D,335.4,3.03,1.3937663759585914,29.62,0,unknown,50000.0,1,Morning,Monsoon,8,Agricultural Burning
30.11697,73.26498,336.37,0.42,0.38,2026-08-30,835,N,VIIRS,n,2.0NRT,305.23,D,336.37,5.74,1.9080599249242156,31.14,1,unknown,50000.0,1,Morning,Monsoon,8,Agricultural Burning
30.16407,74.51582,331.57,0.47,0.4,2026-08-30,835,N,VIIRS,l,2.0NRT,302.09,D,331.57,3.35,1.4701758451005926,29.48,0,unknown,50000.0,0,Morning,Monsoon,8,Anomaly/Unclassified
30.60386,74.03584,337.14,0.49,0.48,2026-08-27,750,N,VIIRS,n,2.0NRT,298.61,D,337.14,3.14,1.420695787837223,38.53,1,unknown,50000.0,0,Morning,Monsoon,8,Anomaly/Unclassified
30.69802,74.17593,330.82,0.48,0.48,2026-08-27,750,N,VIIRS,l,2.0NRT,300.88,D,330.82,3.07,1.4036429994545037,29.94,0,unknown,50000.0,0,Morning,Monsoon,8,Anomaly/Unclassified
31.39647,72.43313,330.38,0.58,0.52,2026-08-27,750,N,VIIRS,n,2.0NRT,298.4,D,330.38,5.73,1.9065751436566365,31.98,1,unknown,50000.0,1,Morning,Monsoon,8,Industrial (Normal)
31.39734,72.43457,343.26,0.58,0.52,2026-08-27,750,N,VIIRS,n,2.0NRT,299.32,D,343.26,6.59,2.0268315914075385,43.94,1,unknown,50000.0,1,Morning,Monsoon,8,Agricultural Burning
31.39786,72.4391,334.97,0.58,0.52,2026-08-27,750,N,VIIRS,n,2.0NRT,299.15,D,334.97,5.73,1.9065751436566365,35.82,1,unknown,50000.0,0,Morning,Monsoon,8,Anomaly/Unclassified
31.4112,72.16735,336.49,0.6,0.53,2026-08-27,750,N,VIIRS,n,2.0NRT,298.2,D,336.49,4.74,1.747459210331475,38.29,1,unknown,50000.0,0,Morning,Monsoon,8,Anomaly/Unclassified
31.45704,72.16631,341.89,0.6,0.53,2026-08-27,750,N,VIIRS,n,2.0NRT,298.62,D,341.89,8.53,2.254444717666111,43.27,1,unknown,50000.0,0,Morning,Monsoon,8,Wildfire Risk
31.39489,72.12487,333.23,0.4,0.37,2026-08-30,835,N,VIIRS,n,2.0NRT,300.88,D,333.23,1.87,1.0543120297715298,32.35,1,unknown,50000.0,0,Morning,Monsoon,8,Anomaly/Unclassified
31.4235,72.12935,331.22,0.4,0.37,2026-08-30,835,N,VIIRS,n,2.0NRT,300.79,D,331.22,3.19,1.4327007339340463,30.43,1,unknown,50000.0,0,Morning,Monsoon,8,Industrial (Normal)
31.46879,72.1555,335.84,0.4,0.37,2026-08-30,835,N,VIIRS,n,2.0NRT,301.51,D,335.84,3.6,1.5260563034950492,34.33,1,unknown,50000.0,0,Morning,Monsoon,8,Anomaly/Unclassified
31.3222,72.33394,341.28,0.43,0.38,2026-08-31,813,N,VIIRS,n,2.0NRT,301.15,D,341.28,8.52,2.253394848803274,40.13,1,unknown,50000.0,0,Morning,Monsoon,8,Wildfire Risk
31.10913,74.49384,345.2,0.48,0.4,2026-08-30,835,N,VIIRS,n,2.0NRT,299.84,D,345.2,9.69,2.3693087250369538,45.36,1,unknown,50000.0,0,Morning,Monsoon,8,Wildfire Risk
31.12675,74.30208,342.96,0.47,0.4,2026-08-30,835,N,VIIRS,n,2.0NRT,300.91,D,342.96,4.14,1.6370530794670737,42.05,1,unknown,50000.0,0,Morning,Monsoon,8,Anomaly/Unclassified
31.37494,74.45004,346.78,0.39,0.36,2026-08-31,813,N,VIIRS,n,2.0NRT,300.46,D,346.78,6.1,1.9600947840472698,46.32,1,unknown,50000.0,0,Morning,Monsoon,8,Anomaly/Unclassified
31.2082,73.91856,337.22,0.46,0.39,2026-08-30,835,N,VIIRS,n,2.0NRT,300.68,D,337.22,3.87,1.5830939370944985,36.54,1,unknown,50000.0,1,Morning,Monsoon,8,Agricultural Burning
31.2118,73.91795,331.16,0.46,0.39,2026-08-30,835,N,VIIRS,n,2.0NRT,299.86,D,331.16,2.3,1.1939224684724346,31.3,1,unknown,50000.0,1,Morning,Monsoon,8,Agricultural Burning
31.76995,70.11077,309.2,0.49,0.4,2026-08-28,2133,N,VIIRS,n,2.0NRT,297.18,N,309.2,2.36,1.2119409739751128,12.02,1,unknown,50000.0,2,Evening,Monsoon,8,Agricultural Burning
31.76838,70.1084,314.19,0.39,0.36,2026-08-29,2116,N,VIIRS,n,2.0NRT,297.61,N,314.19,2.61,1.2837077723447896,16.58,1,unknown,50000.0,2,Evening,Monsoon,8,Agricultural Burning
31.769,70.10805,312.33,0.55,0.43,2026-08-30,2055,N,VIIRS,n,2.0NRT,295.54,N,312.33,4.57,1.7173950539391927,16.79,1,unknown,50000.0,2,Evening,Monsoon,8,Agricultural Burning
31.1293,74.65489,341.05,0.39,0.36,2026-08-31,813,N,VIIRS,n,2.0NRT,298.33,D,341.05,4.79,1.7561322915849038,42.72,1,unknown,50000.0,0,Morning,Monsoon,8,Anomaly/Unclassified
31.50933,72.26437,341.2,0.43,0.46,2026-08-29,852,N,VIIRS,n,2.0NRT,299.64,D,341.2,4.54,1.7119945007591924,41.56,1,unknown,50000.0,0,Morning,Monsoon,8,Anomaly/Unclassified
31.93829,72.37972,336.33,0.45,0.47,2026-08-29,852,N,VIIRS,n,2.0NRT,301.26,D,336.33,3.06,1.4011829736136414,35.07,1,unknown,50000.0,0,Morning,Monsoon,8,Anomaly/Unclassified
31.56918,72.22474,334.87,0.41,0.37,2026-08-30,835,N,VIIRS,n,2.0NRT,302.29,D,334.87,2.25,1.1786549963416462,32.58,1,unknown,50000.0,0,Morning,Monsoon,8,Anomaly/Unclassified
31.56943,72.27724,340.52,0.41,0.37,2026-08-30,835,N,VIIRS,n,2.0NRT,301.32,D,340.52,1.98,1.091923300517313,39.2,1,unknown,50000.0,0,Morning,Monsoon,8,Anomaly/Unclassified
31.58139,72.28816,337.8,0.41,0.37,2026-08-30,835,N,VIIRS,n,2.0NRT,299.58,D,337.8,2.12,1.1378330018213911,38.22,1,unknown,50000.0,0,Morning,Monsoon,8,Anomaly/Unclassified
31.61482,74.37532,311.52,0.39,0.36,2026-08-30,2055,N,VIIRS,n,2.0NRT,295.45,N,311.52,0.61,0.4762341789963716,16.07,1,unknown,50000.0,0,Evening,Monsoon,8,Anomaly/Unclassified
31.64126,74.42704,308.12,0.39,0.36,2026-08-30,2055,N,VIIRS,n,2.0NRT,295.23,N,308.12,0.49,0.3987761199573678,12.89,1,unknown,50000.0,0,Evening,Monsoon,8,Anomaly/Unclassified
32.29058,70.73904,314.07,0.38,0.36,2026-08-29,2116,N,VIIRS,n,2.0NRT,298.8,N,314.07,3.05,1.3987168811184478,15.27,1,unknown,50000.0,0,Evening,Monsoon,8,Anomaly/Unclassified
31.65704,78.40268,329.09,0.46,0.63,2026-08-29,712,N,VIIRS,l,2.0NRT,303.31,D,329.09,4.03,1.6154199841116479,25.78,0,unknown,50000.0,0,Morning,Monsoon,8,Anomaly/Unclassified
32.29657,74.31654,307.16,0.52,0.5,2026-08-28,2133,N,VIIRS,n,2.0NRT,292.56,N,307.16,2.54,1.264126727145683,14.6,1,unknown,50000.0,0,Evening,Monsoon,8,Anomaly/Unclassified
32.08598,74.16589,308.49,0.45,0.39,2026-08-29,2116,N,VIIRS,n,2.0NRT,295.49,N,308.49,0.84,0.6097655716208943,13.0,1,unknown,50000.0,0,Evening,Monsoon,8,Anomaly/Unclassified
32.08685,74.16118,310.53,0.45,0.39,2026-08-29,2116,N,VIIRS,n,2.0NRT,295.5,N,310.53,0.89,0.636576829071551,15.03,1,unknown,50000.0,2,Evening,Monsoon,8,Agricultural Burning
32.0868,74.16059,315.49,0.39,0.36,2026-08-30,2055,N,VIIRS,n,2.0NRT,294.79,N,315.49,2.11,1.1346227261911428,20.7,1,unknown,50000.0,2,Evening,Monsoon,8,Agricultural Burning
32.08741,74.15643,308.49,0.39,0.36,2026-08-30,2055,N,VIIRS,n,2.0NRT,294.49,N,308.49,0.65,0.5007752879124893,14.0,1,unknown,50000.0,2,Evening,Monsoon,8,Agricultural Burning
32.13232,74.17843,312.92,0.39,0.36,2026-08-30,2055,N,VIIRS,n,2.0NRT,295.18,N,312.92,0.79,0.5822156198526637,17.74,1,unknown,50000.0,0,Evening,Monsoon,8,Anomaly/Unclassified
32.05318,73.38254,337.5,0.44,0.39,2026-08-30,835,N,VIIRS,n,2.0NRT,301.33,D,337.5,3.08,1.4060969884160703,36.17,1,unknown,50000.0,0,Morning,Monsoon,8,Anomaly/Unclassified
32.09223,73.23719,330.89,0.44,0.38,2026-08-30,835,N,VIIRS,n,2.0NRT,299.99,D,330.89,2.2,1.1631508098056809,30.9,1,unknown,50000.0,0,Morning,Monsoon,8,Anomaly/Unclassified
32.30693,73.28819,337.47,0.44,0.38,2026-08-30,835,N,VIIRS,n,2.0NRT,297.34,D,337.47,3.64,1.534714366238164,40.13,1,unknown,50000.0,0,Morning,Monsoon,8,Anomaly/Unclassified
32.88834,71.61575,316.14,0.33,0.55,2026-08-27,2153,N,VIIRS,n,2.0NRT,296.86,N,316.14,1.67,0.9820784724121582,19.28,1,unknown,50000.0,3,Evening,Monsoon,8,Industrial (Normal)
32.88881,71.6145,315.56,0.55,0.42,2026-08-28,2133,N,VIIRS,n,2.0NRT,296.37,N,315.56,4.89,1.7732559976634952,19.19,1,unknown,50000.0,0,Evening,Monsoon,8,Anomaly/Unclassified
32.88894,71.61886,332.63,0.42,0.45,2026-08-29,852,N,VIIRS,l,2.0NRT,303.58,D,332.63,2.94,1.3711807233098425,29.05,0,unknown,50000.0,3,Morning,Monsoon,8,Industrial (Normal)
32.8883,71.61584,331.99,0.4,0.37,2026-08-30,835,N,VIIRS,l,2.0NRT,303.18,D,331.99,1.77,1.0188473201992472,28.81,0,unknown,50000.0,3,Morning,Monsoon,8,Industrial (Normal)
32.88999,71.6175,308.91,0.48,0.4,2026-08-30,2055,N,VIIRS,n,2.0NRT,293.74,N,308.91,3.33,1.4655675420143985,15.17,1,unknown,50000.0,3,Evening,Monsoon,8,Industrial (Normal)
32.64531,72.97565,307.22,0.43,0.46,2026-08-28,2133,N,VIIRS,n,2.0NRT,295.31,N,307.22,1.63,0.9669838461896731,11.91,1,unknown,50000.0,0,Evening,Monsoon,8,Anomaly/Unclassified
32.57529,72.56393,313.33,0.4,0.37,2026-08-29,2116,N,VIIRS,n,2.0NRT,296.49,N,313.33,2.59,1.2781522025001875,16.84,1,unknown,50000.0,0,Evening,Monsoon,8,Anomaly/Unclassified
32.57351,72.56357,309.26,0.44,0.38,2026-08-30,2055,N,VIIRS,n,2.0NRT,294.88,N,309.26,4.1,1.62924053973028,14.38,1,unknown,50000.0,0,Evening,Monsoon,8,Anomaly/Unclassified
32.64409,72.9769,307.1,0.42,0.38,2026-08-30,2055,N,VIIRS,n,2.0NRT,293.7,N,307.1,1.59,0.9516578757114464,13.4,1,unknown,50000.0,0,Evening,Monsoon,8,Anomaly/Unclassified
33.54621,71.55232,307.93,0.38,0.36,2026-08-29,2116,N,VIIRS,n,2.0NRT,294.71,N,307.93,0.76,0.5653138090500605,13.22,1,unknown,50000.0,0,Evening,Monsoon,8,Anomaly/Unclassified
33.58202,69.2417,340.44,0.39,0.36,2026-08-30,835,N,VIIRS,l,2.0NRT,315.16,D,340.44,3.52,1.5085119938441398,25.28,0,unknown,50000.0,0,Morning,Monsoon,8,Anomaly/Unclassified
33.29675,71.1889,308.48,0.61,0.53,2026-08-27,2153,N,VIIRS,n,2.0NRT,294.71,N,308.48,0.62,0.4824261492442927,13.77,1,unknown,50000.0,2,Evening,Monsoon,8,Agricultural Burning
33.24416,71.29903,315.28,0.52,0.42,2026-08-28,2133,N,VIIRS,n,2.0NRT,295.52,N,315.28,4.38,1.682688374173693,19.76,1,unknown,50000.0,0,Evening,Monsoon,8,Anomaly/Unclassified
33.29671,71.18774,310.92,0.51,0.41,2026-08-28,2133,N,VIIRS,n,2.0NRT,295.41,N,310.92,3.28,1.4539530095937052,15.51,1,unknown,50000.0,2,Evening,Monsoon,8,Agricultural Burning
33.29611,71.18341,310.8,0.51,0.41,2026-08-30,2055,N,VIIRS,n,2.0NRT,293.05,N,310.8,0.8,0.5877866649021191,17.75,1,unknown,50000.0,0,Evening,Monsoon,8,Anomaly/Unclassified
33.29622,71.18803,306.97,0.51,0.41,2026-08-30,2055,N,VIIRS,n,2.0NRT,293.04,N,306.97,1.09,0.7371640659767197,13.93,1,unknown,50000.0,2,Evening,Monsoon,8,Agricultural Burning
33.23443,71.51507,309.83,0.53,0.42,2026-08-28,2133,N,VIIRS,n,2.0NRT,294.83,N,309.83,2.87,1.3532545070416904,15.0,1,unknown,50000.0,0,Evening,Monsoon,8,Anomaly/Unclassified
33.23603,71.51531,310.32,0.39,0.36,2026-08-29,2116,N,VIIRS,n,2.0NRT,294.86,N,310.32,1.67,0.9820784724121582,15.46,1,unknown,50000.0,0,Evening,Monsoon,8,Anomaly/Unclassified
33.40789,71.94046,309.3,0.39,0.36,2026-08-29,2116,N,VIIRS,n,2.0NRT,295.7,N,309.3,2.04,1.1118575154181303,13.6,1,unknown,50000.0,0,Evening,Monsoon,8,Anomaly/Unclassified
33.80159,72.09836,307.55,0.33,0.55,2026-08-27,2153,N,VIIRS,n,2.0NRT,294.52,N,307.55,0.73,0.5481214085096876,13.03,1,unknown,50000.0,0,Evening,Monsoon,8,Anomaly/Unclassified
33.84936,72.20547,340.8,0.42,0.38,2026-08-30,835,N,VIIRS,n,2.0NRT,297.4,D,340.8,3.38,1.4770487243883548,43.4,1,unknown,50000.0,0,Morning,Monsoon,8,Anomaly/Unclassified
34.84531,73.12538,298.62,0.4,0.44,2026-08-28,2133,N,VIIRS,n,2.0NRT,286.73,N,298.62,1.3,0.832909122935104,11.89,1,unknown,50000.0,0,Evening,Monsoon,8,Anomaly/Unclassified
35.22365,72.93259,298.49,0.39,0.36,2026-08-29,2114,N,VIIRS,n,2.0NRT,284.43,N,298.49,0.66,0.5068176023684519,14.06,1,unknown,50000.0,0,Evening,Monsoon,8,Anomaly/Unclassified
